wave,state,band,band_lbl,pass3,n_raw,n_eff,mandate_exposure
2009,AK,1,18-24,0.21719987326197074,49,40.85912543079673,0.0
2009,AK,2,25-34,0.15025730598321457,86,77.43512933928423,0.0
2009,AK,3,35-44,0.2788491432480634,79,69.02866209331364,0.0
2009,AK,4,45-54,0.22503446514665743,100,91.09337822324402,0.0
2009,AK,5,55-64,0.3022231802946185,75,66.02293184055816,0.0
2009,AK,6,65+,0.2501203919535436,36,32.98536793645754,0.0
2009,AL,1,18-24,0.18217238175048084,68,63.24771249542711,0.0
2009,AL,2,25-34,0.2498979141301604,88,79.6257063862258,0.0
2009,AL,3,35-44,0.27491502594608547,103,95.39242626865993,0.0
2009,AL,4,45-54,0.25269123936775045,115,105.49396092057194,0.0
2009,AL,5,55-64,0.3611860701775149,89,82.88013073842795,0.0
2009,AL,6,65+,0.2613253424592434,94,88.73603234072029,0.0
2009,AR,1,18-24,0.1735488704389968,67,61.57778272806074,0.7142857142857143
2009,AR,2,25-34,0.1383604344722947,104,92.97646498566036,0.0
2009,AR,3,35-44,0.2653373815103372,113,102.98240427161922,0.0
2009,AR,4,45-54,0.23617975357163098,123,114.96541784315703,0.0
2009,AR,5,55-64,0.31863975518657894,94,87.75211700852209,0.0
2009,AR,6,65+,0.20149011356975882,93,88.07073941984716,0.0
2009,AZ,1,18-24,0.23318245765922924,66,58.158453377785314,0.7142857142857143
2009,AZ,2,25-34,0.11729623527260284,105,89.48700182335445,0.0
2009,AZ,3,35-44,0.20950364805887667,113,95.16808059613082,0.0
2009,AZ,4,45-54,0.30723441751100616,113,100.76243290573531,0.0
2009,AZ,5,55-64,0.4040561848438351,89,80.25075147108215,0.0
2009,AZ,6,65+,0.35685851700810145,90,80.60466463894092,0.0
2009,CA,1,18-24,0.19107797067987098,76,69.53556922825535,0.0
2009,CA,2,25-34,0.2285745645047978,106,92.00230675297357,0.0
2009,CA,3,35-44,0.32406623945039803,119,103.0359732449339,0.0
2009,CA,4,45-54,0.29680454897049663,112,98.50650217093246,0.0
2009,CA,5,55-64,0.3460217613902047,80,67.67431514890407,0.0
2009,CA,6,65+,0.32560566013419195,74,66.20475505835792,0.0
2009,CO,1,18-24,0.11585013173827059,65,58.054264974783734,0.14285714285714285
2009,CO,2,25-34,0.21180888835511855,106,91.39237961341564,0.0
2009,CO,3,35-44,0.24480714974764106,123,105.90036449451179,0.0
2009,CO,4,45-54,0.33983636378128257,121,104.58749899374413,0.0
2009,CO,5,55-64,0.2704053597140561,88,78.4615707149363,0.0
2009,CO,6,65+,0.2577885468131287,72,66.62407556419018,0.0
2009,CT,1,18-24,0.13039485805553283,67,58.64614534458097,0.0
2009,CT,2,25-34,0.20549327450691715,86,74.73181612710002,0.0
2009,CT,3,35-44,0.3517061000960724,114,99.0448864582802,0.0
2009,CT,4,45-54,0.35095047608474234,126,113.90555947227918,0.0
2009,CT,5,55-64,0.30795339535714283,88,79.39557982766821,0.0
2009,CT,6,65+,0.34087803496609864,89,82.41162072014599,0.0
2009,DC,1,18-24,0.2324616946717815,59,51.13394773190757,0.0
2009,DC,2,25-34,0.17344972560885552,113,99.37329579086472,0.0
2009,DC,3,35-44,0.24821270919101482,78,68.32604813865856,0.0
2009,DC,4,45-54,0.30859115073313426,75,67.17764886293627,0.0
2009,DC,5,55-64,0.349323062219074,75,66.73518339798018,0.0
2009,DC,6,65+,0.3689955979659745,26,23.661994963385517,0.0
2009,DE,1,18-24,0.22390251962144997,54,48.19522834548841,0.0
2009,DE,2,25-34,0.1257005649040201,93,83.63125188030311,0.0
2009,DE,3,35-44,0.2950711642935212,104,95.33667616521458,0.0
2009,DE,4,45-54,0.34853569690852865,124,112.61614064559892,0.0
2009,DE,5,55-64,0.23128008160937907,108,100.1961629650753,0.0
2009,DE,6,65+,0.3278159842520888,89,81.61723141529318,0.0
2009,FL,1,18-24,0.16542772974460251,60,54.30186092162139,0.0
2009,FL,2,25-34,0.286096611820115,97,84.27501955314949,0.0
2009,FL,3,35-44,0.24374662593210006,106,93.53335717627255,0.0
2009,FL,4,45-54,0.2071765666352161,109,99.47791634216999,0.0
2009,FL,5,55-64,0.3439500526256735,90,79.9026376055709,0.0
2009,FL,6,65+,0.3113210405804156,113,104.28254831327519,0.0
2009,GA,1,18-24,0.1947650957865261,73,66.7482567140768,0.42857142857142855
2009,GA,2,25-34,0.1773424889864646,107,94.60239009819642,0.0
2009,GA,3,35-44,0.2875796389388261,117,107.37095039427906,0.0
2009,GA,4,45-54,0.22012788923904267,113,106.15524149176183,0.0
2009,GA,5,55-64,0.3313341095106873,84,75.88266670915847,0.0
2009,GA,6,65+,0.3173529411910173,78,71.35197268123953,0.0
2009,HI,1,18-24,0.19847022652375873,37,31.56130447612192,0.0
2009,HI,2,25-34,0.19890264014839013,84,71.07924351061381,0.0
2009,HI,3,35-44,0.17141999639582464,77,65.75665893607534,0.0
2009,HI,4,45-54,0.22772258054677802,97,83.50766431779535,0.0
2009,HI,5,55-64,0.4081727482520474,66,57.424192001518406,0.0
2009,HI,6,65+,0.3834764106641589,41,34.57248242754021,0.0
2009,IA,1,18-24,0.17713125978434385,66,61.12996229370874,0.0
2009,IA,2,25-34,0.22346655155338455,91,81.90332113385536,0.0
2009,IA,3,35-44,0.2603776864103417,100,90.84786322391078,0.0
2009,IA,4,45-54,0.18609409942857222,117,109.88479613580853,0.0
2009,IA,5,55-64,0.25857296858957884,87,81.85096230122963,0.0
2009,IA,6,65+,0.3063780326781376,96,89.33115483644288,0.0
2009,ID,1,18-24,0.16437019900565283,65,58.12828519471467,0.42857142857142855
2009,ID,2,25-34,0.14871662589724852,108,96.52887370622781,0.0
2009,ID,3,35-44,0.3481215184614866,112,99.5751542303165,0.0
2009,ID,4,45-54,0.24878226532196587,112,103.16286551317276,0.0
2009,ID,5,55-64,0.35680255498398283,95,88.68364638773095,0.0
2009,ID,6,65+,0.34236336613369595,83,77.12007589056083,0.0
2009,IL,1,18-24,0.17914253876101247,68,60.863235818072376,1.0
2009,IL,2,25-34,0.1982354261698405,103,90.34447825952103,1.0
2009,IL,3,35-44,0.22254499668313335,113,98.28159397932602,1.0
2009,IL,4,45-54,0.2697129106822751,114,102.61355879751417,1.0
2009,IL,5,55-64,0.33727170430614256,87,80.96011040749855,0.3
2009,IL,6,65+,0.3055804898162425,84,77.99481714830054,0.0
2009,IN,1,18-24,0.19845098362450714,66,61.48153544285661,0.0
2009,IN,2,25-34,0.18553308868643484,96,86.38500264218976,0.0
2009,IN,3,35-44,0.1845843397192003,114,104.13249517242312,0.0
2009,IN,4,45-54,0.23334269520559042,116,108.40326347628833,0.0
2009,IN,5,55-64,0.20704901693234298,91,84.10428537491173,0.0
2009,IN,6,65+,0.30043555863118215,88,82.7896327964868,0.0
2009,KS,1,18-24,0.2078342191906262,70,63.57634948187591,0.0
2009,KS,2,25-34,0.24685925340723225,95,82.71547300229004,0.0
2009,KS,3,35-44,0.25129745027482553,120,105.00752910828741,0.0
2009,KS,4,45-54,0.29275805228048235,118,107.97685567291347,0.0
2009,KS,5,55-64,0.2994467121761255,90,81.92408601846614,0.0
2009,KS,6,65+,0.25373778979652095,90,85.03832257678198,0.0
2009,KY,1,18-24,0.13977313734981509,62,58.14675028503556,0.0
2009,KY,2,25-34,0.253731482013768,99,89.46148811128458,0.0
2009,KY,3,35-44,0.26535195113585175,105,97.64075232995317,0.0
2009,KY,4,45-54,0.2823983526608273,118,109.856199692732,0.0
2009,KY,5,55-64,0.3537354518475735,90,84.43000371135733,0.0
2009,KY,6,65+,0.29842182617743357,83,76.96262498629658,0.0
2009,LA,1,18-24,0.15470294775792415,83,77.07305710167846,0.7142857142857143
2009,LA,2,25-34,0.22887072276082454,109,97.62874302629923,0.0
2009,LA,3,35-44,0.25138284414021084,103,93.74558660763157,0.0
2009,LA,4,45-54,0.309474212409967,126,115.31995809772606,0.0
2009,LA,5,55-64,0.22650159259817615,90,83.59663534136273,0.0
2009,LA,6,65+,0.384900428001449,86,81.80111981396986,0.0
2009,MA,1,18-24,0.17433091786681165,66,57.357472406052906,0.0
2009,MA,2,25-34,0.18250518567744428,102,86.58060226805831,0.0
2009,MA,3,35-44,0.27482510136118404,115,102.90876257203051,0.0
2009,MA,4,45-54,0.25429094894314264,118,106.50487246979617,0.0
2009,MA,5,55-64,0.24465639709704304,86,78.72771423772593,0.0
2009,MA,6,65+,0.32583170682686075,85,78.30871807815936,0.0
2009,MD,1,18-24,0.17220320423156135,64,57.013166981725966,0.0
2009,MD,2,25-34,0.2368309746248539,91,79.86300681572065,0.0
2009,MD,3,35-44,0.28546168661321636,113,101.8484438589872,0.0
2009,MD,4,45-54,0.29125540617169393,119,108.69998178409729,0.0
2009,MD,5,55-64,0.2957451347861746,91,83.38798359887778,0.0
2009,MD,6,65+,0.3010893230450135,83,75.87102609314091,0.0
2009,ME,1,18-24,0.16966331892339898,56,51.00333000695416,0.0
2009,ME,2,25-34,0.1479482973620957,77,71.30506523567075,0.0
2009,ME,3,35-44,0.2546049717292211,99,91.4333429731855,0.0
2009,ME,4,45-54,0.23883952025911326,143,132.45509779763717,0.0
2009,ME,5,55-64,0.2969170979316458,107,98.4616547800176,0.0
2009,ME,6,65+,0.39990204759722914,94,87.18493327409382,0.0
2009,MI,1,18-24,0.16617420294639648,65,58.95946122110097,1.0
2009,MI,2,25-34,0.2433764597481154,90,81.98228843445588,0.5
2009,MI,3,35-44,0.24268206809727452,108,100.19734680442349,0.0
2009,MI,4,45-54,0.35813451676799274,120,109.63770834820713,0.0
2009,MI,5,55-64,0.21648367807424757,97,89.84564452390585,0.0
2009,MI,6,65+,0.3407959178590431,93,88.37082904626223,0.0
2009,MN,1,18-24,0.3038001336749187,69,63.04495049835502,0.0
2009,MN,2,25-34,0.3709850589893883,101,88.93156494362752,0.0
2009,MN,3,35-44,0.2585706990136826,105,94.60534185552685,0.0
2009,MN,4,45-54,0.3422837778574737,119,110.96007547478752,0.0
2009,MN,5,55-64,0.3222568390623169,84,77.12284311978904,0.0
2009,MN,6,65+,0.34732729538146956,87,81.51014567588457,0.0
2009,MO,1,18-24,0.17493318495083995,68,63.28130211069751,0.0
2009,MO,2,25-34,0.27747329961694295,97,87.42268763482296,0.0
2009,MO,3,35-44,0.2994780532831659,103,93.60862070882321,0.0
2009,MO,4,45-54,0.30639474799203537,113,105.02005581210209,0.0
2009,MO,5,55-64,0.4097027064947642,88,82.04549542531136,0.0
2009,MO,6,65+,0.2651746305961732,92,87.34136706708689,0.0
2009,MS,1,18-24,0.19530115230985784,74,70.51113328053029,0.0
2009,MS,2,25-34,0.1652508346792506,115,109.17385315562312,0.0
2009,MS,3,35-44,0.27104232326325917,112,102.03882608232476,0.0
2009,MS,4,45-54,0.26915087019945244,128,117.44531937553448,0.0
2009,MS,5,55-64,0.2752561155697659,83,77.3229280893528,0.0
2009,MS,6,65+,0.3150597034880054,46,43.029523646114114,0.0
2009,MT,1,18-24,0.10915816778405392,42,38.74516035854862,0.0
2009,MT,2,25-34,0.17528631911456333,73,65.3733159404935,0.0
2009,MT,3,35-44,0.21478755875840874,90,81.67969927279131,0.0
2009,MT,4,45-54,0.2706678622991439,109,101.79402335461214,0.0
2009,MT,5,55-64,0.27141256372593725,87,79.52050084193861,0.0
2009,MT,6,65+,0.25269526384568153,65,59.71189773956216,0.0
2009,NC,1,18-24,0.14336424293730102,71,65.92551088015671,0.7142857142857143
2009,NC,2,25-34,0.15564531347774815,100,86.77551123073093,0.0
2009,NC,3,35-44,0.2272707354532721,110,101.62782223047977,0.0
2009,NC,4,45-54,0.2925774575775717,121,110.75295221393644,0.0
2009,NC,5,55-64,0.30934801625637515,89,81.91911282507982,0.0
2009,NC,6,65+,0.29523181247884117,84,78.93523737329943,0.0
2009,ND,1,18-24,0.17828155942678847,50,46.01134729657648,0.0
2009,ND,2,25-34,0.12941678395874587,82,73.07944505706577,0.0
2009,ND,3,35-44,0.182549184099459,83,75.98960196848527,0.0
2009,ND,4,45-54,0.3097119388669914,105,97.506040562111,0.0
2009,ND,5,55-64,0.2667219462935801,80,74.98075304360711,0.0
2009,ND,6,65+,0.2715939407268463,33,30.7697300952887,0.0
2009,NE,1,18-24,0.1736471757443075,61,53.83750650097062,0.0
2009,NE,2,25-34,0.2561571234067117,96,84.49823289058145,0.0
2009,NE,3,35-44,0.2788136600091125,101,91.11193887874417,0.0
2009,NE,4,45-54,0.26639205402614574,121,111.85366324238818,0.0
2009,NE,5,55-64,0.39266562244967773,83,77.16688920106955,0.0
2009,NE,6,65+,0.28672951904149485,89,82.4560459517666,0.0
2009,NH,1,18-24,0.1777497895210519,59,53.55512742336895,1.0
2009,NH,2,25-34,0.22954298776751136,79,72.25885426312594,1.0
2009,NH,3,35-44,0.27675391979882263,114,104.48417729031733,0.0
2009,NH,4,45-54,0.3117276070699233,140,127.44469807053376,0.0
2009,NH,5,55-64,0.328013024397028,112,103.3058878411549,0.0
2009,NH,6,65+,0.33391715373432695,82,76.08398187779636,0.0
2009,NJ,1,18-24,0.15739156883737113,66,60.18541005072359,0.0
2009,NJ,2,25-34,0.125279215553976,95,83.03192283202839,0.0
2009,NJ,3,35-44,0.31971501019213294,122,108.42273106182358,0.0
2009,NJ,4,45-54,0.328264642616033,134,120.69474327275533,0.0
2009,NJ,5,55-64,0.371402082428962,87,76.79929467758055,0.0
2009,NJ,6,65+,0.3640751459982667,86,79.7940374482375,0.0
2009,NM,1,18-24,0.11041299438541752,82,71.69081249565753,0.0
2009,NM,2,25-34,0.2559443465141186,96,81.41435353805775,0.0
2009,NM,3,35-44,0.21182268465275694,100,86.19833852470786,0.0
2009,NM,4,45-54,0.3391182449967214,120,103.5581536144541,0.0
2009,NM,5,55-64,0.20494899107185216,102,86.40629545003324,0.0
2009,NM,6,65+,0.2744562775271852,86,73.63192957666007,0.0
2009,NV,1,18-24,0.22787040270639125,65,56.72665540048978,0.0
2009,NV,2,25-34,0.15047048784467942,113,99.60463486779672,0.0
2009,NV,3,35-44,0.30899224907051437,115,99.21045204103501,0.0
2009,NV,4,45-54,0.35958390640385024,120,106.33478038094259,0.0
2009,NV,5,55-64,0.3257459662736982,101,90.67308826135313,0.0
2009,NV,6,65+,0.3268826477102067,78,72.87314852603205,0.0
2009,NY,1,18-24,0.18127905510509523,79,69.71335139847456,1.0
2009,NY,2,25-34,0.24972336603732598,103,88.58707813672663,0.7
2009,NY,3,35-44,0.2296479986832932,112,97.84354511211573,0.0
2009,NY,4,45-54,0.3219341572793257,108,96.55917853093358,0.0
2009,NY,5,55-64,0.36606269362301275,83,75.92267819528037,0.0
2009,NY,6,65+,0.30968459790102065,87,77.60269411724792,0.0
2009,OH,1,18-24,0.1524534527847917,64,60.09834205649065,0.0
2009,OH,2,25-34,0.24409965505252057,90,82.0841470890019,0.0
2009,OH,3,35-44,0.18125618835331608,104,94.48746401242386,0.0
2009,OH,4,45-54,0.28798446067163397,119,111.36109995380824,0.0
2009,OH,5,55-64,0.2663919555256757,87,80.98554974369955,0.0
2009,OH,6,65+,0.23827093412422895,91,87.10096346418035,0.0
2009,OK,1,18-24,0.17749970866713113,70,61.14744695899452,0.0
2009,OK,2,25-34,0.18736777675092667,105,90.52244570015306,0.0
2009,OK,3,35-44,0.20369826255847479,102,90.99919410336437,0.0
2009,OK,4,45-54,0.2338341883618657,122,107.27516490706992,0.0
2009,OK,5,55-64,0.2546249652765487,90,83.00237270356216,0.0
2009,OK,6,65+,0.2511424392150643,91,84.7137703100821,0.0
2009,OR,1,18-24,0.16924582894721993,59,52.42577378171927,0.0
2009,OR,2,25-34,0.23180224468504068,96,83.07149540841358,0.0
2009,OR,3,35-44,0.2615461967633379,106,95.02957288118087,0.0
2009,OR,4,45-54,0.32906267610353035,117,105.8459039901881,0.0
2009,OR,5,55-64,0.3002351456426745,100,90.2689565259884,0.0
2009,OR,6,65+,0.2987828412464304,93,86.81606622339484,0.0
2009,PA,1,18-24,0.14513292721860038,72,65.7789722119273,0.0
2009,PA,2,25-34,0.17638641687153087,89,80.31792169445012,0.0
2009,PA,3,35-44,0.22061492853637746,114,103.01175770125316,0.0
2009,PA,4,45-54,0.3207910805889022,114,104.47981231462829,0.0
2009,PA,5,55-64,0.3067043912995848,87,81.1729015839863,0.0
2009,PA,6,65+,0.32937536242850973,101,94.48572404334706,0.0
2009,RI,1,18-24,0.13817995174099543,79,71.28558137998397,0.0
2009,RI,2,25-34,0.19319717116414,99,83.8951097117197,0.0
2009,RI,3,35-44,0.20111473326472165,112,101.0065660879014,0.0
2009,RI,4,45-54,0.28147695059757,114,105.36403537317153,0.0
2009,RI,5,55-64,0.2662701193334619,101,92.42910909831099,0.0
2009,RI,6,65+,0.3796873421109365,89,81.70783742694245,0.0
2009,SC,1,18-24,0.16423805353784604,78,71.67896316954011,0.14285714285714285
2009,SC,2,25-34,0.2159814126384797,99,89.33049518972834,0.0
2009,SC,3,35-44,0.2013042134711428,119,107.06787692935326,0.0
2009,SC,4,45-54,0.28915523429938045,123,114.83978158458372,0.0
2009,SC,5,55-64,0.3194886840432273,94,88.20136418124656,0.0
2009,SC,6,65+,0.3521695035776155,84,77.40545682045752,0.0
2009,SD,1,18-24,0.15111669457011714,38,35.4256970757739,0.0
2009,SD,2,25-34,0.1898512878869847,83,75.81465861957055,0.0
2009,SD,3,35-44,0.3533633326595392,86,79.22911186757887,0.0
2009,SD,4,45-54,0.23514228993172612,101,92.36226209458887,0.0
2009,SD,5,55-64,0.35862270842762256,77,71.01541069106956,0.0
2009,SD,6,65+,0.2880167858019013,67,62.24569353378181,0.0
2009,TN,1,18-24,0.1745179972511246,60,56.05582489081254,0.0
2009,TN,2,25-34,0.1836401158939726,94,82.37167574715407,0.0
2009,TN,3,35-44,0.15142626420287147,106,99.29788066139999,0.0
2009,TN,4,45-54,0.2616350144991761,116,110.3861631106884,0.0
2009,TN,5,55-64,0.2711810252345761,93,85.65021899815991,0.0
2009,TN,6,65+,0.32560584206071336,88,83.19177037269148,0.0
2009,TX,1,18-24,0.1544239643461462,77,72.30405149719509,0.42857142857142855
2009,TX,2,25-34,0.1576398136812394,114,98.53771900421405,0.0
2009,TX,3,35-44,0.25248254050712526,110,95.344289903073,0.0
2009,TX,4,45-54,0.2880786954078243,103,90.9986106666674,0.0
2009,TX,5,55-64,0.3155111480923498,79,70.36041734755047,0.0
2009,TX,6,65+,0.2502191800752276,71,63.4456937213889,0.0
2009,UT,1,18-24,0.19678240666330862,92,84.61443157849628,0.2857142857142857
2009,UT,2,25-34,0.18505332539836714,146,127.86056508461395,0.0
2009,UT,3,35-44,0.26185137147967974,116,101.18984766959184,0.0
2009,UT,4,45-54,0.29112725113716686,104,93.18934992291787,0.0
2009,UT,5,55-64,0.27348433932233757,85,75.56239506206583,0.0
2009,UT,6,65+,0.3508535675316767,72,66.42029651949024,0.0
2009,VA,1,18-24,0.11059886376245186,79,71.06020743519204,0.0
2009,VA,2,25-34,0.25730281860482485,98,88.22857330464277,0.0
2009,VA,3,35-44,0.3079629317361417,115,103.07856291670402,0.0
2009,VA,4,45-54,0.31616459163028315,108,98.35019244001326,0.0
2009,VA,5,55-64,0.34206439217698265,83,75.3694673269492,0.0
2009,VA,6,65+,0.28470647951761735,78,72.70669873003929,0.0
2009,VT,1,18-24,0.08477717691099157,38,35.6677287762261,0.0
2009,VT,2,25-34,0.15927886993623055,79,72.46384965328126,0.0
2009,VT,3,35-44,0.2854494892491678,86,79.16490919287112,0.0
2009,VT,4,45-54,0.2140761427323241,116,108.39540064313685,0.0
2009,VT,5,55-64,0.30521783056918744,90,82.27623690858645,0.0
2009,VT,6,65+,0.385369798132235,58,53.07935001341237,0.0
2009,WA,1,18-24,0.11172331266394855,61,51.641360592337335,0.0
2009,WA,2,25-34,0.21592178158527767,102,88.35269673764692,0.0
2009,WA,3,35-44,0.30103654748413017,121,106.28438097593735,0.0
2009,WA,4,45-54,0.40483570910099065,116,103.85421470703191,0.0
2009,WA,5,55-64,0.3728411530948569,89,80.66203234093396,0.0
2009,WA,6,65+,0.2973337033099019,84,76.40956899670273,0.0
2009,WI,1,18-24,0.202672477466222,65,60.82365698038678,0.0
2009,WI,2,25-34,0.17193151709312585,84,73.11731265398137,0.0
2009,WI,3,35-44,0.24920112062587194,102,93.678110774863,0.0
2009,WI,4,45-54,0.3993641574734006,119,109.81302349919933,0.0
2009,WI,5,55-64,0.3717633119435124,87,79.95769380073354,0.0
2009,WI,6,65+,0.25935724587841286,91,87.77590182847908,0.0
2009,WV,1,18-24,0.28375487870754146,58,52.97419237521318,0.0
2009,WV,2,25-34,0.17399649029219252,86,80.15619006037446,0.0
2009,WV,3,35-44,0.2502617378522082,111,103.15926736693355,0.0
2009,WV,4,45-54,0.1953142911604245,121,116.18686032815972,0.0
2009,WV,5,55-64,0.2843416349245094,102,94.8790772267045,0.0
2009,WV,6,65+,0.38089947226382304,99,93.12652653954098,0.0
2009,WY,1,18-24,0.1555597210196675,37,33.834246933688,1.0
2009,WY,2,25-34,0.1826681170227986,84,76.6222518273007,0.1
2009,WY,3,35-44,0.13588051771238233,75,69.24559261315976,0.0
2009,WY,4,45-54,0.2973805027909607,107,99.31471736659913,0.0
2009,WY,5,55-64,0.25336353990326393,83,75.6509452746479,0.0
2009,WY,6,65+,0.3783219930875184,45,41.81469061649027,0.0
2012,AK,1,18-24,0.14278242701413207,54,46.731702618693205,0.0
2012,AK,2,25-34,0.16553170788212085,81,74.26897607798307,0.0
2012,AK,3,35-44,0.24174053213039412,83,78.4488126022613,0.0
2012,AK,4,45-54,0.33608684981287573,120,113.48883390499016,0.0
2012,AK,5,55-64,0.3981870945494314,106,101.87643603217538,0.0
2012,AK,6,65+,0.350877836901994,57,54.936894382176376,0.0
2012,AL,1,18-24,0.20656825282941313,58,55.59606046885481,0.0
2012,AL,2,25-34,0.1938560330958813,82,77.44880665181591,0.0
2012,AL,3,35-44,0.17622389700085012,78,74.97705887835107,0.0
2012,AL,4,45-54,0.232952732406009,98,94.6250987186639,0.0
2012,AL,5,55-64,0.33846759924950565,98,95.24230059947807,0.0
2012,AL,6,65+,0.4525286688764848,86,84.10154484688186,0.0
2012,AR,1,18-24,0.15026212283388243,53,48.6503867046223,1.0
2012,AR,2,25-34,0.24886404945019802,76,70.12027102193429,0.1
2012,AR,3,35-44,0.1773038233023575,69,65.04712895003216,0.0
2012,AR,4,45-54,0.23024776865519056,100,96.27123146043905,0.0
2012,AR,5,55-64,0.2733253464754023,102,98.27929488927433,0.0
2012,AR,6,65+,0.2672881925412945,100,98.4103005795661,0.0
2012,AZ,1,18-24,0.09680663612530044,61,55.39021867148893,1.0
2012,AZ,2,25-34,0.1949898591928176,89,79.18411027883158,0.1
2012,AZ,3,35-44,0.20665391275603381,85,77.46711911550759,0.0
2012,AZ,4,45-54,0.23892088872922373,98,91.75118598010619,0.0
2012,AZ,5,55-64,0.3186290130521289,86,78.94393296466181,0.0
2012,AZ,6,65+,0.4454553579657723,81,78.31265092318588,0.0
2012,CA,1,18-24,0.09069574978636931,65,58.63588982691857,0.0
2012,CA,2,25-34,0.21008966087931455,97,85.38729924924017,0.0
2012,CA,3,35-44,0.32319003777916067,95,86.92605732880843,0.0
2012,CA,4,45-54,0.33742337042407855,97,88.89153835712519,0.0
2012,CA,5,55-64,0.3257007102665312,77,71.90860127410723,0.0
2012,CA,6,65+,0.47133507621054743,69,66.12739132820754,0.0
2012,CO,1,18-24,0.1321920946778196,52,46.208879117929456,0.5714285714285714
2012,CO,2,25-34,0.2620856505580785,88,79.34899513410915,0.0
2012,CO,3,35-44,0.3220724671081956,91,83.61094923193625,0.0
2012,CO,4,45-54,0.23958481640474039,109,102.38154756898194,0.0
2012,CO,5,55-64,0.3751813509348634,94,87.91112249505031,0.0
2012,CO,6,65+,0.35225128794281396,67,64.64965304655196,0.0
2012,CT,1,18-24,0.14138509147641193,48,44.170717626568184,0.0
2012,CT,2,25-34,0.22676633462935042,75,67.79317572883153,0.0
2012,CT,3,35-44,0.2554055746753057,73,67.30953962488097,0.0
2012,CT,4,45-54,0.2721272805391292,114,105.66677434141384,0.0
2012,CT,5,55-64,0.3489318011186751,109,103.77965924750427,0.0
2012,CT,6,65+,0.3708572682515262,81,78.46853228591782,0.0
2012,DC,1,18-24,0.1788763453849978,62,53.71640020622449,0.0
2012,DC,2,25-34,0.2351362198600769,120,110.39637207740465,0.0
2012,DC,3,35-44,0.2735241830680378,96,88.84969528651543,0.0
2012,DC,4,45-54,0.2943620331234846,71,66.68777462781064,0.0
2012,DC,5,55-64,0.24463620025401966,87,83.43947826662735,0.0
2012,DC,6,65+,0.4493513640105605,64,61.48595392754298,0.0
2012,DE,1,18-24,0.2406821172040841,51,45.884920089688634,0.0
2012,DE,2,25-34,0.13775419864834676,79,73.59325313902984,0.0
2012,DE,3,35-44,0.22246883745785695,88,81.33603093422406,0.0
2012,DE,4,45-54,0.22874220424930852,94,89.10597158787924,0.0
2012,DE,5,55-64,0.24718782798261985,100,95.80817174105478,0.0
2012,DE,6,65+,0.5734780969301857,88,85.18068397630688,0.0
2012,FL,1,18-24,0.15922241546682142,44,41.371613067951884,0.0
2012,FL,2,25-34,0.16296874473572084,78,71.15819651727206,0.0
2012,FL,3,35-44,0.1343398876095223,85,78.13224431454218,0.0
2012,FL,4,45-54,0.18913729353487574,95,88.16283286526469,0.0
2012,FL,5,55-64,0.25639276659264126,85,80.0830909447393,0.0
2012,FL,6,65+,0.4037136631528952,113,111.35455641029581,0.0
2012,GA,1,18-24,0.10230265304004796,67,61.85689939279752,0.8571428571428571
2012,GA,2,25-34,0.3018454933517501,87,80.75765141967952,0.0
2012,GA,3,35-44,0.1639978171180781,90,85.17186383934762,0.0
2012,GA,4,45-54,0.2930488083967256,99,94.90772062649161,0.0
2012,GA,5,55-64,0.37835292350047833,86,83.67004682242171,0.0
2012,GA,6,65+,0.40419248053116263,71,68.72152901213964,0.0
2012,HI,1,18-24,0.05661901070218494,46,40.513101651176896,0.0
2012,HI,2,25-34,0.21239961387784856,80,69.8808715832104,0.0
2012,HI,3,35-44,0.26468521092734976,80,72.81092641336926,0.0
2012,HI,4,45-54,0.3336885761619095,92,83.13405600636722,0.0
2012,HI,5,55-64,0.3909891513004332,115,106.50361968701914,0.0
2012,HI,6,65+,0.39312890985051135,87,81.07320125275152,0.0
2012,IA,1,18-24,0.11201237655434468,43,39.93525825440038,0.2857142857142857
2012,IA,2,25-34,0.14772812329008161,65,58.43886783821985,0.0
2012,IA,3,35-44,0.2986780351458614,87,82.65074081218025,0.0
2012,IA,4,45-54,0.27654276079744644,101,97.0659421583687,0.0
2012,IA,5,55-64,0.29086310367585977,104,100.66682048345506,0.0
2012,IA,6,65+,0.3303056509320712,101,99.61577357135381,0.0
2012,ID,1,18-24,0.04709460748684547,58,52.57679318947295,0.8571428571428571
2012,ID,2,25-34,0.16009259312285112,84,77.46289577225907,0.0
2012,ID,3,35-44,0.13929107133809174,81,76.25866906704051,0.0
2012,ID,4,45-54,0.23315779784020219,91,87.80362486452398,0.0
2012,ID,5,55-64,0.3669712041998941,91,87.35526332414176,0.0
2012,ID,6,65+,0.4304230981043087,95,91.86507139722241,0.0
2012,IL,1,18-24,0.14717251298161385,54,47.269810099743225,1.0
2012,IL,2,25-34,0.14081754904451776,91,80.34136087204124,1.0
2012,IL,3,35-44,0.26646239129725136,90,83.93200372021181,1.0
2012,IL,4,45-54,0.2590084730297985,103,98.02857888694554,1.0
2012,IL,5,55-64,0.2863511036401935,92,87.8969538513158,0.6
2012,IL,6,65+,0.419654830714271,70,68.72748847413727,0.0
2012,IN,1,18-24,0.13517517626782696,52,49.50206727608307,0.0
2012,IN,2,25-34,0.17497700017599355,84,76.50110018497712,0.0
2012,IN,3,35-44,0.23430870671527723,87,83.6727474392856,0.0
2012,IN,4,45-54,0.23151806682977827,101,96.95695645394308,0.0
2012,IN,5,55-64,0.280461136683196,95,92.52377052653722,0.0
2012,IN,6,65+,0.34136999317543587,81,78.83717887700706,0.0
2012,KS,1,18-24,0.07767091932963145,44,40.06899959139565,0.14285714285714285
2012,KS,2,25-34,0.18535231887228132,91,81.60262229561675,0.0
2012,KS,3,35-44,0.28548694130268354,84,77.35103454114874,0.0
2012,KS,4,45-54,0.2978077618320685,100,95.66270444260032,0.0
2012,KS,5,55-64,0.26869730437291844,89,84.15922912734635,0.0
2012,KS,6,65+,0.24292041540508333,92,90.16067363172945,0.0
2012,KY,1,18-24,0.09209084608646177,48,44.725749183419545,0.0
2012,KY,2,25-34,0.17801147922510685,78,74.40862555419181,0.0
2012,KY,3,35-44,0.16375201567349423,83,78.54296114254417,0.0
2012,KY,4,45-54,0.1837262973120908,111,106.85454243044134,0.0
2012,KY,5,55-64,0.2983900933774232,94,91.68993628311677,0.0
2012,KY,6,65+,0.1929439000281012,86,84.34959039093005,0.0
2012,LA,1,18-24,0.09678919467751959,53,47.25823175549408,1.0
2012,LA,2,25-34,0.10649794789939021,94,87.97242474542827,0.1
2012,LA,3,35-44,0.22256721704435592,92,88.73254194583139,0.0
2012,LA,4,45-54,0.39689558925465435,100,94.39199253050957,0.0
2012,LA,5,55-64,0.24166845616176819,91,89.03033081572393,0.0
2012,LA,6,65+,0.38460373512999585,70,68.84269427562069,0.0
2012,MA,1,18-24,0.04745066811138223,50,45.65551434557762,0.0
2012,MA,2,25-34,0.22544825398420895,83,76.1835776354905,0.0
2012,MA,3,35-44,0.2013494148293314,80,74.89930115389853,0.0
2012,MA,4,45-54,0.39491224832095834,102,96.37357320715317,0.0
2012,MA,5,55-64,0.3803083827228081,94,90.69078745073355,0.0
2012,MA,6,65+,0.40010114711189815,92,89.1731848403863,0.0
2012,MD,1,18-24,0.21203305734719521,45,41.404525898751984,0.0
2012,MD,2,25-34,0.19541889099817408,90,78.7708931980304,0.0
2012,MD,3,35-44,0.30358783990035165,84,78.56400776809458,0.0
2012,MD,4,45-54,0.3184558880687664,110,105.02019651534656,0.0
2012,MD,5,55-64,0.402620254188958,92,89.12250915761241,0.0
2012,MD,6,65+,0.37160823568504553,79,76.02451796185059,0.0
2012,ME,1,18-24,0.18152145274226317,45,42.804412664215455,0.0
2012,ME,2,25-34,0.09906245445159675,67,63.19186522825285,0.0
2012,ME,3,35-44,0.23983272316945853,75,72.06582670246681,0.0
2012,ME,4,45-54,0.2589578460401268,109,105.59592481700666,0.0
2012,ME,5,55-64,0.3198245444801049,100,97.26109117143098,0.0
2012,ME,6,65+,0.3203378684381482,104,100.33026756269774,0.0
2012,MI,1,18-24,0.057386577571734425,54,50.724383248262924,1.0
2012,MI,2,25-34,0.1840119044200124,74,69.0815213315367,0.8
2012,MI,3,35-44,0.28357925997907707,80,75.32450970032377,0.0
2012,MI,4,45-54,0.20950363362009045,110,104.43936842090883,0.0
2012,MI,5,55-64,0.30751484226834536,98,94.09389380172618,0.0
2012,MI,6,65+,0.2949192718009598,84,82.9343621739138,0.0
2012,MN,1,18-24,0.07801918445091173,39,37.117011137909174,0.0
2012,MN,2,25-34,0.21526228849136922,95,86.40723624070225,0.0
2012,MN,3,35-44,0.2781806597075291,86,81.66297070437896,0.0
2012,MN,4,45-54,0.28875733974465717,105,102.28214580907233,0.0
2012,MN,5,55-64,0.30851834482202967,83,80.2070586884332,0.0
2012,MN,6,65+,0.3710508415817145,93,90.37392335705289,0.0
2012,MO,1,18-24,0.16240803946920945,50,45.3118739340075,0.42857142857142855
2012,MO,2,25-34,0.14421742359068881,85,79.9647502194695,0.0
2012,MO,3,35-44,0.1825751747887158,79,75.41629648621874,0.0
2012,MO,4,45-54,0.2716110081957761,106,102.31665794375851,0.0
2012,MO,5,55-64,0.36976024041772443,90,87.32350684524488,0.0
2012,MO,6,65+,0.4748150511553665,90,86.91182409519395,0.0
2012,MS,1,18-24,0.16151861910706486,65,60.06328337789449,0.0
2012,MS,2,25-34,0.1226046086410797,88,80.38347214749339,0.0
2012,MS,3,35-44,0.2045082289141428,84,81.30192427883111,0.0
2012,MS,4,45-54,0.2477889932810375,96,93.71356847535246,0.0
2012,MS,5,55-64,0.1779270984750839,87,84.58338040423169,0.0
2012,MS,6,65+,0.3485984107058989,80,76.81487025732123,0.0
2012,MT,1,18-24,0.1626665539206155,36,33.793442894446024,0.0
2012,MT,2,25-34,0.14991962899094194,76,69.80332152243847,0.0
2012,MT,3,35-44,0.28248993039306547,83,77.71837563873991,0.0
2012,MT,4,45-54,0.3017948849398013,95,91.86637056457779,0.0
2012,MT,5,55-64,0.31316351036489953,108,103.95603985108062,0.0
2012,MT,6,65+,0.3410013162580281,102,98.90192138505529,0.0
2012,NC,1,18-24,0.14651839429020613,59,52.690331372936164,1.0
2012,NC,2,25-34,0.18735801392335713,77,70.53591802741235,0.1
2012,NC,3,35-44,0.259931675342995,86,80.85841280207411,0.0
2012,NC,4,45-54,0.24670811809862908,101,96.80347282026119,0.0
2012,NC,5,55-64,0.3217879964979753,89,85.49767604058634,0.0
2012,NC,6,65+,0.36409659849458037,88,85.94022147282807,0.0
2012,ND,1,18-24,0.09319641865142922,63,58.97157774661114,0.2857142857142857
2012,ND,2,25-34,0.09071541808334013,82,77.03273240824257,0.0
2012,ND,3,35-44,0.2578036793013437,75,70.34442842092822,0.0
2012,ND,4,45-54,0.29621415839823684,105,99.49654720353065,0.0
2012,ND,5,55-64,0.33631552185370395,91,88.76585349267462,0.0
2012,ND,6,65+,0.4376172196552004,84,80.85648952565738,0.0
2012,NE,1,18-24,0.13150743590858108,48,43.41919616815314,0.0
2012,NE,2,25-34,0.1675512977965791,85,79.68267358231715,0.0
2012,NE,3,35-44,0.29701159911088826,75,72.07749317884084,0.0
2012,NE,4,45-54,0.2409754709510218,106,100.54255677397123,0.0
2012,NE,5,55-64,0.3384598707330427,90,86.60894044680056,0.0
2012,NE,6,65+,0.3474234130308123,96,93.48772663724273,0.0
2012,NH,1,18-24,0.09656106747256263,29,27.034539034703528,1.0
2012,NH,2,25-34,0.2142674997844004,65,59.73242480582573,1.0
2012,NH,3,35-44,0.20140626077940807,88,84.98182742026756,0.3
2012,NH,4,45-54,0.32022329269607475,117,112.24420346510769,0.0
2012,NH,5,55-64,0.33119448742420493,104,100.21081478274394,0.0
2012,NH,6,65+,0.316016524081393,97,94.14844182347962,0.0
2012,NJ,1,18-24,0.163308925989287,53,48.7528122067407,0.0
2012,NJ,2,25-34,0.19893305189894595,84,75.80409454458464,0.0
2012,NJ,3,35-44,0.2589857356022313,79,72.78086241238209,0.0
2012,NJ,4,45-54,0.3653531814570077,111,104.57268324846682,0.0
2012,NJ,5,55-64,0.30569004972202685,102,96.0418094217123,0.0
2012,NJ,6,65+,0.3750638200249961,71,68.21245826984165,0.0
2012,NM,1,18-24,0.09723533583411298,47,41.75678203808062,0.0
2012,NM,2,25-34,0.19016085912164052,108,94.04972052503042,0.0
2012,NM,3,35-44,0.2803570399752109,88,80.35334017264249,0.0
2012,NM,4,45-54,0.28383098312859206,90,81.21705994574677,0.0
2012,NM,5,55-64,0.29254008920713104,91,81.90869899972928,0.0
2012,NM,6,65+,0.27931529481427375,77,70.92871213787237,0.0
2012,NV,1,18-24,0.14256811423244187,57,51.4882225307198,0.0
2012,NV,2,25-34,0.18356232675975231,109,97.98035289409695,0.0
2012,NV,3,35-44,0.10589900205811335,76,68.79883158010038,0.0
2012,NV,4,45-54,0.2376136650788236,100,94.77204873831015,0.0
2012,NV,5,55-64,0.22843284311359274,82,77.33438019226311,0.0
2012,NV,6,65+,0.3230011112065258,76,73.73616359369406,0.0
2012,NY,1,18-24,0.20207154634521707,58,54.83765289182865,1.0
2012,NY,2,25-34,0.21503333349334677,90,82.47349168369013,1.0
2012,NY,3,35-44,0.27831938937461004,81,76.52408962994151,0.0
2012,NY,4,45-54,0.23286856963654934,101,93.50197220959598,0.0
2012,NY,5,55-64,0.3031250108105405,97,93.31170935055788,0.0
2012,NY,6,65+,0.3279592686086126,73,70.62772778655867,0.0
2012,OH,1,18-24,0.1470003225340498,45,42.74160620913729,0.0
2012,OH,2,25-34,0.1322925239742359,80,75.24451920380655,0.0
2012,OH,3,35-44,0.15277528239282648,91,88.17191789257396,0.0
2012,OH,4,45-54,0.22974433548516252,109,105.27519348061617,0.0
2012,OH,5,55-64,0.27645055812375857,96,93.76922310890868,0.0
2012,OH,6,65+,0.22324509323649702,80,78.09696745756946,0.0
2012,OK,1,18-24,0.20769976926618414,49,43.64462953376376,0.0
2012,OK,2,25-34,0.13323156337930542,84,76.2765743212671,0.0
2012,OK,3,35-44,0.20745281690109496,83,76.67051393185253,0.0
2012,OK,4,45-54,0.32931322930811524,104,97.69903783071442,0.0
2012,OK,5,55-64,0.26816521073532845,91,87.00194370683514,0.0
2012,OK,6,65+,0.33440307831694793,89,86.68808073312428,0.0
2012,OR,1,18-24,0.1319537577034224,42,38.25753884172301,0.0
2012,OR,2,25-34,0.207936495245783,73,66.7307416785581,0.0
2012,OR,3,35-44,0.22324399913525725,86,81.08076592673451,0.0
2012,OR,4,45-54,0.1585176147617665,101,95.5196742027578,0.0
2012,OR,5,55-64,0.35467833484517475,113,109.32852108835729,0.0
2012,OR,6,65+,0.35005398730674014,85,82.73674183660346,0.0
2012,PA,1,18-24,0.17184509687044222,53,49.48402926498466,0.0
2012,PA,2,25-34,0.13602934927834248,71,66.92495301774491,0.0
2012,PA,3,35-44,0.27177637554742545,82,78.45870595223343,0.0
2012,PA,4,45-54,0.25310764339383784,110,105.35746156843702,0.0
2012,PA,5,55-64,0.3024342189823709,92,88.9218899091947,0.0
2012,PA,6,65+,0.3272572460278118,92,90.5605651877279,0.0
2012,RI,1,18-24,0.0861160820212125,48,43.14870286689145,0.0
2012,RI,2,25-34,0.16028540778616343,76,69.36429738726241,0.0
2012,RI,3,35-44,0.25815363719853296,83,76.60224995195334,0.0
2012,RI,4,45-54,0.28923446036694433,107,102.1118182355181,0.0
2012,RI,5,55-64,0.3784031695336353,97,93.71189496241628,0.0
2012,RI,6,65+,0.4016686231689336,89,86.08263959316852,0.0
2012,SC,1,18-24,0.13950874379272882,56,52.256314895052704,0.5714285714285714
2012,SC,2,25-34,0.1199614393550987,80,73.60545449154604,0.0
2012,SC,3,35-44,0.2975111268992618,81,77.23808788011242,0.0
2012,SC,4,45-54,0.2422190221223702,104,100.0351941772956,0.0
2012,SC,5,55-64,0.29696923532834235,90,87.4650922317914,0.0
2012,SC,6,65+,0.3120023658322444,90,87.40762341806229,0.0
2012,SD,1,18-24,0.09700660452829162,45,41.99100459724912,0.0
2012,SD,2,25-34,0.17054064089676393,74,68.68475914341967,0.0
2012,SD,3,35-44,0.19645791775627103,81,76.41060628093646,0.0
2012,SD,4,45-54,0.27695529798371116,102,98.34997203650836,0.0
2012,SD,5,55-64,0.3564494629181855,104,100.40280498582428,0.0
2012,SD,6,65+,0.339661029842095,94,90.47788868907867,0.0
2012,TN,1,18-24,0.13192418889634502,50,46.84996572518945,0.2857142857142857
2012,TN,2,25-34,0.16904059329053917,83,78.79336614307151,0.0
2012,TN,3,35-44,0.20120509498493258,86,82.5938520229592,0.0
2012,TN,4,45-54,0.19404300092213322,97,94.36841920177271,0.0
2012,TN,5,55-64,0.21034178630437353,83,79.65101893355984,0.0
2012,TN,6,65+,0.37986386038633274,101,98.22433672740458,0.0
2012,TX,1,18-24,0.193824837510635,65,60.508549291945194,0.8571428571428571
2012,TX,2,25-34,0.13572204443289249,98,86.67699202587967,0.0
2012,TX,3,35-44,0.16766598284126807,94,85.61049450177605,0.0
2012,TX,4,45-54,0.26233361054017335,94,88.44938020485327,0.0
2012,TX,5,55-64,0.18165243145408597,77,71.91773634351628,0.0
2012,TX,6,65+,0.31674410193381053,72,69.60141980149571,0.0
2012,UT,1,18-24,0.2289787812554253,53,49.145916984476806,0.7142857142857143
2012,UT,2,25-34,0.1575794708131498,101,91.66503716359632,0.0
2012,UT,3,35-44,0.3276059561340342,94,88.39294544501583,0.0
2012,UT,4,45-54,0.34460363604115957,93,88.69220343258712,0.0
2012,UT,5,55-64,0.4839793934206125,88,83.46686067788293,0.0
2012,UT,6,65+,0.43689177111913147,71,68.11124320763034,0.0
2012,VA,1,18-24,0.10843461603948129,51,46.22029754358063,0.0
2012,VA,2,25-34,0.23650910861382624,79,71.0459621454907,0.0
2012,VA,3,35-44,0.2801538489109612,98,93.20068369491742,0.0
2012,VA,4,45-54,0.307721925779032,99,94.6041500088452,0.0
2012,VA,5,55-64,0.23489599351683418,97,93.71286257513886,0.0
2012,VA,6,65+,0.3816811690539447,76,73.639344396551,0.0
2012,VT,1,18-24,0.09155670952992295,41,39.3666887682071,0.0
2012,VT,2,25-34,0.2318006515103087,69,64.62076771015131,0.0
2012,VT,3,35-44,0.16938423040729908,75,72.29830417939678,0.0
2012,VT,4,45-54,0.26202086947744613,116,111.512441380077,0.0
2012,VT,5,55-64,0.3194393479682171,110,106.02551041687843,0.0
2012,VT,6,65+,0.41858261251409695,89,86.13345003241862,0.0
2012,WA,1,18-24,0.22129581068255633,40,36.096000376612295,0.0
2012,WA,2,25-34,0.17510740824526444,80,70.76893915731941,0.0
2012,WA,3,35-44,0.16950686994291192,91,84.66464376914381,0.0
2012,WA,4,45-54,0.2916932047041031,98,91.91532410315908,0.0
2012,WA,5,55-64,0.29778816024300353,103,96.94874731350414,0.0
2012,WA,6,65+,0.4906166362561668,88,85.7236091522916,0.0
2012,WI,1,18-24,0.14304418466900248,40,37.49156124455938,0.0
2012,WI,2,25-34,0.271730523133877,82,76.23841492311105,0.0
2012,WI,3,35-44,0.21997324232553403,82,78.74767241429842,0.0
2012,WI,4,45-54,0.2808869094903351,115,110.1931786936621,0.0
2012,WI,5,55-64,0.3140144168448692,96,92.68268337990698,0.0
2012,WI,6,65+,0.2875544622932971,86,84.58662557772163,0.0
2012,WV,1,18-24,0.08859400966870903,52,48.92462983365207,0.0
2012,WV,2,25-34,0.24329157472015447,79,74.1531162206561,0.0
2012,WV,3,35-44,0.13137173828604617,86,83.81476546136567,0.0
2012,WV,4,45-54,0.1797322243214237,97,94.6006895664407,0.0
2012,WV,5,55-64,0.24050393625185523,97,94.35338787242287,0.0
2012,WV,6,65+,0.3370167092242678,89,86.44738453813412,0.0
2012,WY,1,18-24,0.10799997014421715,40,37.12941686691329,1.0
2012,WY,2,25-34,0.1323984048469149,98,88.60646126762013,0.4
2012,WY,3,35-44,0.2132403368044899,79,74.70998851467374,0.0
2012,WY,4,45-54,0.2785807584693814,113,107.27431511476905,0.0
2012,WY,5,55-64,0.2799869826008965,115,109.01541459248187,0.0
2012,WY,6,65+,0.45559581162123464,55,52.94943318859934,0.0
2015,AK,1,18-24,0.1377218553685149,50,45.044324825286886,0.0
2015,AK,2,25-34,0.09379193594957941,116,101.78665551157947,0.0
2015,AK,3,35-44,0.14178840507586907,80,76.00819234052605,0.0
2015,AK,4,45-54,0.31871962307500035,98,93.36509287278895,0.0
2015,AK,5,55-64,0.36466076680950676,95,90.00542002993001,0.0
2015,AK,6,65+,0.3715971453235119,61,57.76994287020952,0.0
2015,AL,1,18-24,0.14003237212562203,58,53.10266935390119,0.0
2015,AL,2,25-34,0.16267504076520323,84,76.07928098928701,0.0
2015,AL,3,35-44,0.25246901728167587,88,82.50117620102097,0.0
2015,AL,4,45-54,0.3116589481598783,86,81.65356818658405,0.0
2015,AL,5,55-64,0.29658072317556655,90,86.59875652662511,0.0
2015,AL,6,65+,0.3021307391348484,97,92.70212914325275,0.0
2015,AR,1,18-24,0.14818683839926577,45,41.02778722687549,1.0
2015,AR,2,25-34,0.13900534157403308,73,66.48237674111797,0.4
2015,AR,3,35-44,0.11859560513309315,89,84.86241050601562,0.0
2015,AR,4,45-54,0.3117310907481574,97,93.54858468231664,0.0
2015,AR,5,55-64,0.26032867600573606,93,89.43793085027667,0.0
2015,AR,6,65+,0.2589287716872349,103,100.1290506100597,0.0
2015,AZ,1,18-24,0.22389715270648472,60,52.86791038824537,1.0
2015,AZ,2,25-34,0.12595466884961756,90,75.02040428296898,0.4
2015,AZ,3,35-44,0.30792936289682804,85,73.2167270248876,0.0
2015,AZ,4,45-54,0.31163750595150674,81,71.24797495393534,0.0
2015,AZ,5,55-64,0.36929426886748606,81,75.88880178768744,0.0
2015,AZ,6,65+,0.2613821613207386,103,95.64877977500672,0.0
2015,CA,1,18-24,0.15954192569249007,137,122.27606444591174,0.0
2015,CA,2,25-34,0.22244084227352645,191,167.99854374749958,0.0
2015,CA,3,35-44,0.25858075480797227,177,158.01951471407494,0.0
2015,CA,4,45-54,0.2675037953878856,180,161.1296359289719,0.0
2015,CA,5,55-64,0.297741669628518,151,136.42688554153864,0.0
2015,CA,6,65+,0.3280127881978308,164,145.2412071616496,0.0
2015,CO,1,18-24,0.08092985776854565,46,41.11614339594063,1.0
2015,CO,2,25-34,0.17661526537663932,102,87.13866162001003,0.0
2015,CO,3,35-44,0.21931731915170732,89,80.04943987311137,0.0
2015,CO,4,45-54,0.25444837540889964,93,86.2100339353922,0.0
2015,CO,5,55-64,0.4271138468380501,86,80.98754012265192,0.0
2015,CO,6,65+,0.3846566630226971,84,79.43310728735828,0.0
2015,CT,1,18-24,0.24812094960024755,52,46.824433706156405,0.0
2015,CT,2,25-34,0.16470576820462424,82,71.6809958314033,0.0
2015,CT,3,35-44,0.19673313062903217,82,73.52024404950365,0.0
2015,CT,4,45-54,0.2660936939333603,104,96.49224300340693,0.0
2015,CT,5,55-64,0.3498460274909834,91,85.89578626949118,0.0
2015,CT,6,65+,0.4919714182244804,89,84.200734699834,0.0
2015,DC,1,18-24,0.13150460033039638,57,48.07811203467957,0.0
2015,DC,2,25-34,0.2102401213555193,147,130.18970574272197,0.0
2015,DC,3,35-44,0.1843085171257991,91,84.72141849418946,0.0
2015,DC,4,45-54,0.26199203509760327,64,59.6557155096534,0.0
2015,DC,5,55-64,0.4006786045340922,72,66.10858994657656,0.0
2015,DC,6,65+,0.4457339719198698,71,65.11242052604057,0.0
2015,DE,1,18-24,0.04861444518190416,38,33.72639528466635,0.0
2015,DE,2,25-34,0.13503371872233097,75,68.31027574582987,0.0
2015,DE,3,35-44,0.1777146582162453,86,81.17347611873186,0.0
2015,DE,4,45-54,0.2694234279741009,100,94.29987216039149,0.0
2015,DE,5,55-64,0.3482674471830518,101,96.25273604326729,0.0
2015,DE,6,65+,0.500948016480121,102,98.50482371944575,0.0
2015,FL,1,18-24,0.09193778880766072,57,51.40588160652658,0.0
2015,FL,2,25-34,0.1370719984698494,79,71.74269157979957,0.0
2015,FL,3,35-44,0.1901782775189029,77,71.02354423836361,0.0
2015,FL,4,45-54,0.31617201764700037,88,80.14466980300394,0.0
2015,FL,5,55-64,0.3212935364109485,81,74.16971325695714,0.0
2015,FL,6,65+,0.3794066318580206,118,109.88940067182126,0.0
2015,GA,1,18-24,0.20087068456102403,70,64.90915825452487,1.0
2015,GA,2,25-34,0.18431414672243862,91,81.4170814162494,0.2
2015,GA,3,35-44,0.1717658905834284,94,88.1453423098428,0.0
2015,GA,4,45-54,0.2615235379331597,93,88.25503191920254,0.0
2015,GA,5,55-64,0.2870884642750021,78,75.06184753292281,0.0
2015,GA,6,65+,0.3769729140143706,79,75.46556002035715,0.0
2015,HI,1,18-24,0.08993834570271697,39,33.631831171487754,0.0
2015,HI,2,25-34,0.19299223685128236,89,77.57306147106702,0.0
2015,HI,3,35-44,0.22372132836738082,89,79.03077221402897,0.0
2015,HI,4,45-54,0.4272573623480651,79,69.32781595823367,0.0
2015,HI,5,55-64,0.43161187779364024,97,91.17806846811699,0.0
2015,HI,6,65+,0.46251403916585143,108,101.21010761506004,0.0
2015,IA,1,18-24,0.12836552609186094,53,47.2118379195913,0.7142857142857143
2015,IA,2,25-34,0.17115921854010194,83,73.97666839924595,0.0
2015,IA,3,35-44,0.2308095188626591,79,72.65742791160096,0.0
2015,IA,4,45-54,0.32393561609164784,92,87.5835477767226,0.0
2015,IA,5,55-64,0.4181234504886591,93,90.2967930922774,0.0
2015,IA,6,65+,0.3077161561652005,102,99.41185043272071,0.0
2015,ID,1,18-24,0.08469278128381233,47,40.22703962227829,1.0
2015,ID,2,25-34,0.15045532151740765,92,81.48286937587349,0.2
2015,ID,3,35-44,0.22968812705204053,91,83.82854240883233,0.0
2015,ID,4,45-54,0.285825187870099,89,83.89463687915716,0.0
2015,ID,5,55-64,0.33532150114352094,87,82.24976607531276,0.0
2015,ID,6,65+,0.39146944442067927,95,92.12423922257007,0.0
2015,IL,1,18-24,0.18359625664350848,124,110.14535045657614,1.0
2015,IL,2,25-34,0.11166174214365913,180,155.58169040232076,1.0
2015,IL,3,35-44,0.18948984848559355,175,159.71947056934567,1.0
2015,IL,4,45-54,0.29900567934735683,186,176.60358251284904,1.0
2015,IL,5,55-64,0.35497789444581845,161,150.07041957666888,0.9
2015,IL,6,65+,0.3810691620478447,178,170.09657541128684,0.0
2015,IN,1,18-24,0.17579231443202115,54,50.68852132196016,0.42857142857142855
2015,IN,2,25-34,0.15661237642895992,86,77.74403974900312,0.0
2015,IN,3,35-44,0.2426965034829834,87,82.26079538371881,0.0
2015,IN,4,45-54,0.30384651308074356,94,88.53770748657698,0.0
2015,IN,5,55-64,0.28850024716647416,85,82.3759152695096,0.0
2015,IN,6,65+,0.44130943421136604,94,91.65882397590009,0.0
2015,KS,1,18-24,0.15280739859773906,52,48.38140418881574,0.5714285714285714
2015,KS,2,25-34,0.18432914582653032,97,84.70028217728989,0.0
2015,KS,3,35-44,0.2554748278468748,85,80.92121833595253,0.0
2015,KS,4,45-54,0.21670654075058285,84,78.81803246859496,0.0
2015,KS,5,55-64,0.31636913531891836,87,84.25939965897926,0.0
2015,KS,6,65+,0.31862291616850613,95,91.22638481009346,0.0
2015,KY,1,18-24,0.21537313266255603,52,49.04956326907792,0.0
2015,KY,2,25-34,0.1871472241820325,88,82.68835674868349,0.0
2015,KY,3,35-44,0.2188164359726066,85,81.94291549975186,0.0
2015,KY,4,45-54,0.20674952653670928,94,91.27116988626116,0.0
2015,KY,5,55-64,0.32265258586599127,87,83.60795418094749,0.0
2015,KY,6,65+,0.3380978844475236,94,90.87640142076906,0.0
2015,LA,1,18-24,0.15367642098953338,70,65.33271270385961,1.0
2015,LA,2,25-34,0.13649443308244172,97,89.10888807551719,0.4
2015,LA,3,35-44,0.17295212233144314,74,68.44337253742205,0.0
2015,LA,4,45-54,0.17692402285234887,89,82.92827880209268,0.0
2015,LA,5,55-64,0.30708408879573007,84,81.3890599070388,0.0
2015,LA,6,65+,0.328402398840348,86,83.26841564808716,0.0
2015,MA,1,18-24,0.17702561632382827,59,54.19340125970049,0.0
2015,MA,2,25-34,0.1447330064892867,90,76.01589461741283,0.0
2015,MA,3,35-44,0.24665158313764102,81,74.67508843599468,0.0
2015,MA,4,45-54,0.24601467931538973,95,89.51704382106688,0.0
2015,MA,5,55-64,0.23626019536836132,81,77.42742778159644,0.0
2015,MA,6,65+,0.41171249004743365,94,90.23532114679331,0.0
2015,MD,1,18-24,0.12724190107154887,59,53.50394282662371,0.0
2015,MD,2,25-34,0.2548183755103869,91,82.24903852253873,0.0
2015,MD,3,35-44,0.32192835496537936,82,75.13371665043147,0.0
2015,MD,4,45-54,0.23812619510008332,99,92.94092990359432,0.0
2015,MD,5,55-64,0.35419450301965233,83,78.40847109936728,0.0
2015,MD,6,65+,0.2282505462079568,86,81.84274143876928,0.0
2015,ME,1,18-24,0.25680893686022965,39,36.78103273095563,0.0
2015,ME,2,25-34,0.08568391144259849,69,64.68449660337704,0.0
2015,ME,3,35-44,0.20516652745802502,78,73.99979108129988,0.0
2015,ME,4,45-54,0.2880028514983008,99,95.22934276833016,0.0
2015,ME,5,55-64,0.3420000117199409,103,98.60742545481384,0.0
2015,ME,6,65+,0.43041543254367576,112,107.67547720081916,0.0
2015,MI,1,18-24,0.11174531076824973,62,58.24785365073373,1.0
2015,MI,2,25-34,0.2179503933216288,78,70.81162287975425,1.0
2015,MI,3,35-44,0.23859403488275838,80,75.66296039002108,0.1
2015,MI,4,45-54,0.275482133245743,93,89.49486204817785,0.0
2015,MI,5,55-64,0.26799646885538625,90,83.53855212381086,0.0
2015,MI,6,65+,0.3715965197771616,97,93.24977664123398,0.0
2015,MN,1,18-24,0.19889122811453439,55,50.7962349458002,0.14285714285714285
2015,MN,2,25-34,0.16593268734624037,89,80.07854293523036,0.0
2015,MN,3,35-44,0.2616832526179479,84,79.23561037982527,0.0
2015,MN,4,45-54,0.24465888130045124,96,91.12355805330655,0.0
2015,MN,5,55-64,0.3269265067107865,84,79.83101280623758,0.0
2015,MN,6,65+,0.36508023781187376,92,88.61779360952792,0.0
2015,MO,1,18-24,0.16165237443605673,58,52.354580128881864,0.8571428571428571
2015,MO,2,25-34,0.14936825606372275,90,82.43489200677276,0.0
2015,MO,3,35-44,0.3592781361711059,80,76.21241792444046,0.0
2015,MO,4,45-54,0.18623218139499442,93,88.49600803287676,0.0
2015,MO,5,55-64,0.3219045638006537,84,79.89626374630139,0.0
2015,MO,6,65+,0.35720390036571115,98,94.64085325608711,0.0
2015,MS,1,18-24,0.1273984892371483,72,68.2739495514261,0.0
2015,MS,2,25-34,0.13574793394365872,95,87.2763294832601,0.0
2015,MS,3,35-44,0.21032386878421444,86,80.62613894027548,0.0
2015,MS,4,45-54,0.20322295599226226,88,83.32220584779404,0.0
2015,MS,5,55-64,0.21924731489648192,87,83.65876314202454,0.0
2015,MS,6,65+,0.3602894635526146,75,71.85132746454957,0.0
2015,MT,1,18-24,0.23167081653320334,36,32.76836699777905,0.0
2015,MT,2,25-34,0.19778897633319875,91,84.69042370864801,0.0
2015,MT,3,35-44,0.13420951842122697,72,68.37052183335615,0.0
2015,MT,4,45-54,0.3391035510862924,90,85.63586955102448,0.0
2015,MT,5,55-64,0.28238084692226856,104,100.35409430990877,0.0
2015,MT,6,65+,0.37936885071750986,107,103.74004667727458,0.0
2015,NC,1,18-24,0.09470064513352515,61,55.68479999802515,1.0
2015,NC,2,25-34,0.2100869596032923,84,75.606438502136,0.4
2015,NC,3,35-44,0.2603305623754565,92,88.46941929008962,0.0
2015,NC,4,45-54,0.2915878176307059,93,86.80082556125093,0.0
2015,NC,5,55-64,0.2702799954105085,82,78.15523792331443,0.0
2015,NC,6,65+,0.37596767590568436,93,89.8061421866691,0.0
2015,ND,1,18-24,0.08495297647624954,52,47.83559826274361,0.7142857142857143
2015,ND,2,25-34,0.16434077525819643,97,91.41478603327678,0.0
2015,ND,3,35-44,0.2583504149065884,74,70.75900243511525,0.0
2015,ND,4,45-54,0.2884661545759211,93,88.28602431168453,0.0
2015,ND,5,55-64,0.34639492191238913,90,87.463790914697,0.0
2015,ND,6,65+,0.49858482490870265,94,89.78517058321493,0.0
2015,NE,1,18-24,0.09659919962388122,56,52.470261481595635,0.2857142857142857
2015,NE,2,25-34,0.10145729015366572,103,92.28888498389745,0.0
2015,NE,3,35-44,0.23022321028730464,75,67.19806326094216,0.0
2015,NE,4,45-54,0.2968384058012015,89,83.70956685630082,0.0
2015,NE,5,55-64,0.352319590415886,84,80.43388132130804,0.0
2015,NE,6,65+,0.27310791006070567,96,92.43342004991096,0.0
2015,NH,1,18-24,0.16501215546189682,46,42.8546494264142,1.0
2015,NH,2,25-34,0.11635714506525865,69,63.66192376922782,1.0
2015,NH,3,35-44,0.180597286662522,83,76.45671888019122,0.6
2015,NH,4,45-54,0.31721966061510803,111,106.96958447572722,0.0
2015,NH,5,55-64,0.34470284804608586,94,90.07500116237632,0.0
2015,NH,6,65+,0.4055590704582552,98,94.64494279150934,0.0
2015,NJ,1,18-24,0.12512096532947953,58,52.407869071521816,0.2857142857142857
2015,NJ,2,25-34,0.123834177764141,86,73.73090136552898,0.0
2015,NJ,3,35-44,0.23617856286700276,87,79.9798757570213,0.0
2015,NJ,4,45-54,0.2162648197076951,100,89.29657639668835,0.0
2015,NJ,5,55-64,0.38195780640423393,83,76.6178825298728,0.0
2015,NJ,6,65+,0.2647668403203158,93,87.89857574598331,0.0
2015,NM,1,18-24,0.12515024478766726,66,56.583137135562914,0.0
2015,NM,2,25-34,0.15450368437593007,89,77.27548714417527,0.0
2015,NM,3,35-44,0.4292505519997035,79,66.32195726097227,0.0
2015,NM,4,45-54,0.24464958187381544,84,74.22953211629945,0.0
2015,NM,5,55-64,0.32686692562271497,95,84.96752459990647,0.0
2015,NM,6,65+,0.35535637401947345,87,80.57216485108208,0.0
2015,NV,1,18-24,0.21536831541515133,52,45.99532678899838,0.0
2015,NV,2,25-34,0.15295956928659835,92,79.82251246197926,0.0
2015,NV,3,35-44,0.15438033279037405,83,73.77593925149465,0.0
2015,NV,4,45-54,0.3334917204046164,92,83.8598473983162,0.0
2015,NV,5,55-64,0.35662181124219633,96,89.64701111960652,0.0
2015,NV,6,65+,0.3990983178887612,88,83.78257341453204,0.0
2015,NY,1,18-24,0.1316723964416614,128,115.1744565511018,1.0
2015,NY,2,25-34,0.13919289105135785,181,158.40465531712763,1.0
2015,NY,3,35-44,0.2308361308926124,163,144.1654599443811,0.3
2015,NY,4,45-54,0.25028406875082865,183,165.4886961668877,0.0
2015,NY,5,55-64,0.2991198748531417,160,146.99942005634938,0.0
2015,NY,6,65+,0.3443041697575579,185,173.750982353701,0.0
2015,OH,1,18-24,0.1677207554095759,60,56.570285583051096,0.2857142857142857
2015,OH,2,25-34,0.17481590335518862,81,76.34930333192844,0.0
2015,OH,3,35-44,0.2583235474383625,79,74.20912133134992,0.0
2015,OH,4,45-54,0.21554409769102886,92,88.35536926120061,0.0
2015,OH,5,55-64,0.2669239238489286,88,84.22796118507736,0.0
2015,OH,6,65+,0.3548562376416128,100,95.88645576656667,0.0
2015,OK,1,18-24,0.10435206790822359,57,51.44524097852913,0.2857142857142857
2015,OK,2,25-34,0.12644797943864974,93,83.87407537584686,0.0
2015,OK,3,35-44,0.1717931103266653,74,67.22331680780349,0.0
2015,OK,4,45-54,0.26793700686120325,89,81.28217567572148,0.0
2015,OK,5,55-64,0.18610928332254828,92,86.4012525337662,0.0
2015,OK,6,65+,0.4688907142777853,95,91.18641226753412,0.0
2015,OR,1,18-24,0.06563418212137678,47,43.78866543309707,0.42857142857142855
2015,OR,2,25-34,0.2125153179241862,84,74.10981968395777,0.0
2015,OR,3,35-44,0.16156195637381127,85,78.4929037740433,0.0
2015,OR,4,45-54,0.24763986533872584,84,79.40695798002673,0.0
2015,OR,5,55-64,0.23613294398333717,95,91.85738124915964,0.0
2015,OR,6,65+,0.28171299962431395,106,102.39553450663455,0.0
2015,PA,1,18-24,0.15427895003536526,62,59.12365613647438,0.0
2015,PA,2,25-34,0.19483596786990517,78,69.52134568564821,0.0
2015,PA,3,35-44,0.2757219738018362,76,71.50609504406766,0.0
2015,PA,4,45-54,0.2681986189322286,92,87.61023466951843,0.0
2015,PA,5,55-64,0.2400297010330842,87,83.90558218138011,0.0
2015,PA,6,65+,0.33852826321814294,105,101.685999286841,0.0
2015,RI,1,18-24,0.15171092091409727,57,51.02734380936984,0.0
2015,RI,2,25-34,0.1816749339499672,92,83.883614155828,0.0
2015,RI,3,35-44,0.16814277239320224,68,63.12121827936576,0.0
2015,RI,4,45-54,0.3718120587099516,101,93.14519578894452,0.0
2015,RI,5,55-64,0.3701710945256185,89,85.3942822017641,0.0
2015,RI,6,65+,0.2451003043096157,93,89.72892075852288,0.0
2015,SC,1,18-24,0.17496462735994045,63,58.40925218471438,1.0
2015,SC,2,25-34,0.17382757101656146,90,82.06873223927285,0.0
2015,SC,3,35-44,0.17494520219426504,78,73.21693285094742,0.0
2015,SC,4,45-54,0.2959344943799882,86,81.50120902568159,0.0
2015,SC,5,55-64,0.2831118346622079,86,82.51348308625062,0.0
2015,SC,6,65+,0.4167671190829351,97,93.21800594314068,0.0
2015,SD,1,18-24,0.1039027300406369,50,45.97732060328812,0.0
2015,SD,2,25-34,0.25602680622115603,99,92.08073914583832,0.0
2015,SD,3,35-44,0.2082505220942509,82,78.10524350009644,0.0
2015,SD,4,45-54,0.2758441672850136,91,87.21836136560437,0.0
2015,SD,5,55-64,0.37295449778520173,95,91.57189992253036,0.0
2015,SD,6,65+,0.44938189832796754,84,81.02556836732191,0.0
2015,TN,1,18-24,0.13304305738668082,52,47.12804152475204,0.7142857142857143
2015,TN,2,25-34,0.14281463219357907,86,80.3713891285479,0.0
2015,TN,3,35-44,0.1823335965990819,91,84.24544263059958,0.0
2015,TN,4,45-54,0.2800709526763046,93,88.93106964226807,0.0
2015,TN,5,55-64,0.3317737003990435,85,82.11777003323944,0.0
2015,TN,6,65+,0.32802863126560633,96,92.95577936527266,0.0
2015,TX,1,18-24,0.1828593701913176,141,127.58265021369043,1.0
2015,TX,2,25-34,0.11018357110188921,195,171.45855352228654,0.2
2015,TX,3,35-44,0.15927654797828372,185,162.61515253503225,0.0
2015,TX,4,45-54,0.2612007435269169,177,158.04243034388392,0.0
2015,TX,5,55-64,0.27995933547061574,148,134.2041768167183,0.0
2015,TX,6,65+,0.3265654703718103,154,141.05753079342622,0.0
2015,UT,1,18-24,0.2082769186039444,66,58.36964998192334,1.0
2015,UT,2,25-34,0.1682200796653719,129,113.37151388271162,0.1
2015,UT,3,35-44,0.18758206395204424,97,89.82125398680799,0.0
2015,UT,4,45-54,0.2211521623507494,69,65.88026732526303,0.0
2015,UT,5,55-64,0.29870917021210686,70,68.12428484408984,0.0
2015,UT,6,65+,0.3562218446990232,69,66.11051180107079,0.0
2015,VA,1,18-24,0.272810730838385,65,58.78471543321399,0.14285714285714285
2015,VA,2,25-34,0.17462916522712427,91,81.08401837397882,0.0
2015,VA,3,35-44,0.24500037865334554,86,78.76212538250014,0.0
2015,VA,4,45-54,0.25152686425571263,95,91.46894059259944,0.0
2015,VA,5,55-64,0.2744952782059399,81,75.90820748196408,0.0
2015,VA,6,65+,0.3706115007564811,86,81.80150876362742,0.0
2015,VT,1,18-24,0.13206556771868067,34,32.003418694457416,0.0
2015,VT,2,25-34,0.16471624688252431,85,80.33116072202242,0.0
2015,VT,3,35-44,0.17621666278936357,75,71.94727852582133,0.0
2015,VT,4,45-54,0.276266751983207,95,91.39746617999259,0.0
2015,VT,5,55-64,0.401046525933085,111,105.80751969272197,0.0
2015,VT,6,65+,0.42783102995103317,101,96.78238203800704,0.0
2015,WA,1,18-24,0.1255241026366108,46,42.25753298765186,0.0
2015,WA,2,25-34,0.11033539662724343,98,86.18497352119469,0.0
2015,WA,3,35-44,0.2000914926148223,88,82.75957361749963,0.0
2015,WA,4,45-54,0.2286110070253074,93,86.08021159567548,0.0
2015,WA,5,55-64,0.4063338323424981,88,82.77062779494646,0.0
2015,WA,6,65+,0.35259677638955006,91,85.4473558364365,0.0
2015,WI,1,18-24,0.1501850191701785,52,47.54017033180549,0.0
2015,WI,2,25-34,0.10996560288500148,87,77.2275225990844,0.0
2015,WI,3,35-44,0.2577505037630459,81,77.19655765728565,0.0
2015,WI,4,45-54,0.3289882627404172,99,95.33737613417765,0.0
2015,WI,5,55-64,0.2825899805726617,90,86.17571215365999,0.0
2015,WI,6,65+,0.34448423823735974,96,93.08592220554223,0.0
2015,WV,1,18-24,0.1514140396548238,43,40.78380220575964,0.0
2015,WV,2,25-34,0.14649474619397368,78,73.26350903353068,0.0
2015,WV,3,35-44,0.2127117960533065,85,81.37307232044235,0.0
2015,WV,4,45-54,0.15365147754215094,91,89.06947701815453,0.0
2015,WV,5,55-64,0.31067800425857406,93,90.34182924885812,0.0
2015,WV,6,65+,0.32703893989444555,110,106.07682006560948,0.0
2015,WY,1,18-24,0.10679911553021239,35,31.81868348124346,1.0
2015,WY,2,25-34,0.1342315461736328,111,103.93459971921465,0.7
2015,WY,3,35-44,0.22173553174617372,75,67.3744622521694,0.0
2015,WY,4,45-54,0.30964569166336625,90,86.51538778029284,0.0
2015,WY,5,55-64,0.329518075276327,104,98.77924550751443,0.0
2015,WY,6,65+,0.4318185499969547,85,80.14818937332346,0.0
2018,AK,1,18-24,0.048179864853011026,42,39.08575627543422,0.0
2018,AK,2,25-34,0.1362932790068774,103,93.67049215211922,0.0
2018,AK,3,35-44,0.1614294567150073,88,81.66695764182481,0.0
2018,AK,4,45-54,0.22957761147304848,85,79.48649821485087,0.0
2018,AK,5,55-64,0.31198876309266654,108,105.49282823971207,0.0
2018,AK,6,65+,0.37084903919380585,74,71.63501348671477,0.0
2018,AL,1,18-24,0.2047464855963421,50,47.548630746353375,0.2857142857142857
2018,AL,2,25-34,0.12017603474738754,89,84.79708354606193,0.0
2018,AL,3,35-44,0.11349324002842556,97,94.44557009957799,0.0
2018,AL,4,45-54,0.2230307034907325,79,75.21841564774842,0.0
2018,AL,5,55-64,0.2529498292143618,92,89.79771159306232,0.0
2018,AL,6,65+,0.22581772274330197,94,92.97539261726588,0.0
2018,AR,1,18-24,0.11559998956141776,48,41.83003031674468,1.0
2018,AR,2,25-34,0.16748835322776012,67,59.7074941671264,0.7
2018,AR,3,35-44,0.12491570168463183,75,71.1283786731298,0.0
2018,AR,4,45-54,0.15460162937537023,78,73.91769472420134,0.0
2018,AR,5,55-64,0.2977705069583374,100,97.26530144760363,0.0
2018,AR,6,65+,0.3324355486791888,133,131.55163267973825,0.0
2018,AZ,1,18-24,0.15993096589507763,54,46.77757174026833,1.0
2018,AZ,2,25-34,0.09220933447921432,89,78.85512948380098,0.7
2018,AZ,3,35-44,0.15885648304885241,87,75.53508870031216,0.0
2018,AZ,4,45-54,0.2587629345917673,84,73.39491078103242,0.0
2018,AZ,5,55-64,0.25382584801781705,80,73.19079123536113,0.0
2018,AZ,6,65+,0.3512659877436611,109,104.31280990189174,0.0
2018,CA,1,18-24,0.2992634735673105,62,53.10022429430714,0.0
2018,CA,2,25-34,0.19092569834388973,97,84.72215619522485,0.0
2018,CA,3,35-44,0.21107836260266474,91,82.03622073905457,0.0
2018,CA,4,45-54,0.27114588802912276,84,74.6293416142374,0.0
2018,CA,5,55-64,0.2687944216861951,83,74.8429614976156,0.0
2018,CA,6,65+,0.33731285584996534,83,73.80246028864298,0.0
2018,CO,1,18-24,0.11550528222687036,46,39.4230714893128,1.0
2018,CO,2,25-34,0.17480297313032278,100,86.30767355460732,0.3
2018,CO,3,35-44,0.19625084381578622,92,84.31188025744277,0.0
2018,CO,4,45-54,0.2539573769415296,92,87.15230209262363,0.0
2018,CO,5,55-64,0.3626475416643983,86,78.24449028715163,0.0
2018,CO,6,65+,0.2556838291435535,84,77.33849797746298,0.0
2018,CT,1,18-24,0.12828059100713687,53,46.2124757824092,0.0
2018,CT,2,25-34,0.13445758937009153,74,66.23658873304478,0.0
2018,CT,3,35-44,0.11680743243208994,80,71.36806852436109,0.0
2018,CT,4,45-54,0.2752463554066758,102,94.35182753428667,0.0
2018,CT,5,55-64,0.2872511198058064,90,83.10885127462352,0.0
2018,CT,6,65+,0.3139382949754979,102,98.96558230985892,0.0
2018,DC,1,18-24,0.16105826817519758,56,50.71147452674174,0.0
2018,DC,2,25-34,0.23275591740098317,142,127.28620607570112,0.0
2018,DC,3,35-44,0.2962158489262806,77,73.11278177988552,0.0
2018,DC,4,45-54,0.3333456274239335,78,73.40191687966903,0.0
2018,DC,5,55-64,0.31225977932345955,72,70.09289714052878,0.0
2018,DC,6,65+,0.5024515440422058,75,73.07677053416651,0.0
2018,DE,1,18-24,0.034969347390047145,28,25.357489234714542,0.0
2018,DE,2,25-34,0.19672595234796153,66,58.88797437729911,0.0
2018,DE,3,35-44,0.17780670985257332,87,83.59223451994806,0.0
2018,DE,4,45-54,0.27123735300153795,98,93.56956995638951,0.0
2018,DE,5,55-64,0.2445311658530779,101,99.7952595794217,0.0
2018,DE,6,65+,0.40581622448205334,122,117.93956022029636,0.0
2018,FL,1,18-24,0.12145917169301353,56,49.26427114865854,0.14285714285714285
2018,FL,2,25-34,0.10052282456468194,82,68.5634694917421,0.0
2018,FL,3,35-44,0.2219824442725053,74,64.17166789136436,0.0
2018,FL,4,45-54,0.14102439285734572,86,73.19184791832049,0.0
2018,FL,5,55-64,0.2880881574354574,81,71.30551588361556,0.0
2018,FL,6,65+,0.264967756481249,121,109.84355439336171,0.0
2018,GA,1,18-24,0.20206337994942264,65,62.09386944612496,1.0
2018,GA,2,25-34,0.08176357248520066,91,83.11814492002797,0.5
2018,GA,3,35-44,0.20285172691494915,91,84.34779661363898,0.0
2018,GA,4,45-54,0.2649860422353315,92,86.42522198316766,0.0
2018,GA,5,55-64,0.22906779089311027,78,74.9137270028829,0.0
2018,GA,6,65+,0.28221620688083426,84,82.67351272230049,0.0
2018,HI,1,18-24,0.03307366188401173,32,28.26547322069139,0.0
2018,HI,2,25-34,0.11381025284834675,83,76.84769562341972,0.0
2018,HI,3,35-44,0.1732251369553033,77,73.58422844758239,0.0
2018,HI,4,45-54,0.19663575656515883,89,84.11195019490374,0.0
2018,HI,5,55-64,0.36370191399522045,102,98.87833910921563,0.0
2018,HI,6,65+,0.39886063380511605,117,113.23325213354724,0.0
2018,IA,1,18-24,0.2148593333656729,53,46.53046785247399,1.0
2018,IA,2,25-34,0.07002194068880707,85,80.91694636019831,0.1
2018,IA,3,35-44,0.14962464544201098,79,75.05658283843117,0.0
2018,IA,4,45-54,0.17983715974477776,82,79.64600897783265,0.0
2018,IA,5,55-64,0.3133137198774465,92,88.37818408629138,0.0
2018,IA,6,65+,0.3535288585138145,111,108.55940633745124,0.0
2018,ID,1,18-24,0.09374133087397163,48,42.212999356155784,1.0
2018,ID,2,25-34,0.12316142217054842,74,66.21785640049166,0.5
2018,ID,3,35-44,0.12530444283017003,78,72.11586593832362,0.0
2018,ID,4,45-54,0.19261703349368142,85,81.02430088453386,0.0
2018,ID,5,55-64,0.29779465868829585,103,97.09606672688487,0.0
2018,ID,6,65+,0.278697252856193,112,108.39166758919309,0.0
2018,IL,1,18-24,0.14652342019137948,59,52.869686326102894,1.0
2018,IL,2,25-34,0.11141510658766937,91,79.28688843705568,1.0
2018,IL,3,35-44,0.14388936629251556,90,81.57036148642247,1.0
2018,IL,4,45-54,0.21071429710635387,92,86.53526259700567,1.0
2018,IL,5,55-64,0.3013754123755559,83,78.55954939256075,1.0
2018,IL,6,65+,0.366294918540148,96,92.7406375405308,0.18181818181818182
2018,IN,1,18-24,0.16718252033035685,66,60.672932347992,0.8571428571428571
2018,IN,2,25-34,0.12488673170877558,83,77.00350023031086,0.0
2018,IN,3,35-44,0.12715353377999553,80,76.69065289161051,0.0
2018,IN,4,45-54,0.21431713990032517,93,88.28099019661538,0.0
2018,IN,5,55-64,0.2915082049688293,85,81.8662729669689,0.0
2018,IN,6,65+,0.31541794062493617,95,91.33951362379216,0.0
2018,KS,1,18-24,0.14367353629836846,46,40.06849353438223,1.0
2018,KS,2,25-34,0.16579047575205869,85,76.48057782613753,0.0
2018,KS,3,35-44,0.23931536281305316,90,85.02895019570413,0.0
2018,KS,4,45-54,0.21985061484568616,77,69.7730488268818,0.0
2018,KS,5,55-64,0.2891705948914883,95,92.13573010670503,0.0
2018,KS,6,65+,0.3288964324647867,107,102.25615295196948,0.0
2018,KY,1,18-24,0.10958412898492083,50,47.396661335666906,0.0
2018,KY,2,25-34,0.11917422901692107,82,76.85779797347648,0.0
2018,KY,3,35-44,0.21059456219671147,82,78.36620337560127,0.0
2018,KY,4,45-54,0.22734615625436966,88,86.35350169980495,0.0
2018,KY,5,55-64,0.23219255059763402,98,94.88743104632385,0.0
2018,KY,6,65+,0.3481962093545155,104,101.11129515126503,0.0
2018,LA,1,18-24,0.26361874794819,50,45.32300669491743,1.0
2018,LA,2,25-34,0.0770422263057387,92,86.44799245770699,0.7
2018,LA,3,35-44,0.12047714712158301,90,85.84999057346283,0.0
2018,LA,4,45-54,0.15446072698387825,82,79.83786800158822,0.0
2018,LA,5,55-64,0.21279529675362563,92,90.49384133810482,0.0
2018,LA,6,65+,0.2341724495084638,96,93.75652195191222,0.0
2018,MA,1,18-24,0.16957642852769114,66,60.388694914326265,0.0
2018,MA,2,25-34,0.17217427943298175,87,78.53537171134602,0.0
2018,MA,3,35-44,0.14992703092204943,78,68.18858802201267,0.0
2018,MA,4,45-54,0.2545158672708425,92,84.2103996777655,0.0
2018,MA,5,55-64,0.287683877777732,84,81.93384813478087,0.0
2018,MA,6,65+,0.3261607130836854,93,91.78581532938026,0.0
2018,MD,1,18-24,0.16983679044034342,60,53.63115349739668,0.0
2018,MD,2,25-34,0.23085783203908516,89,81.83120785456367,0.0
2018,MD,3,35-44,0.1684479459475311,86,79.5431827145589,0.0
2018,MD,4,45-54,0.25974788643483226,97,93.52324742776723,0.0
2018,MD,5,55-64,0.22977048333641523,83,80.0848714223108,0.0
2018,MD,6,65+,0.40112047317166144,89,86.03519172245497,0.0
2018,ME,1,18-24,0.24721759163836501,33,31.62632627969068,0.2857142857142857
2018,ME,2,25-34,0.10131203609604388,67,62.46726327448444,0.0
2018,ME,3,35-44,0.15119991383250103,78,74.07225846615208,0.0
2018,ME,4,45-54,0.20902838511308006,90,88.05234093784838,0.0
2018,ME,5,55-64,0.2627170752063685,112,109.46142882067441,0.0
2018,ME,6,65+,0.3887878610911503,125,123.37357960658065,0.0
2018,MI,1,18-24,0.20332820765863607,61,57.11233614187093,1.0
2018,MI,2,25-34,0.12859574754368405,79,73.92458214521665,1.0
2018,MI,3,35-44,0.190198450598252,79,75.21178141673415,0.4
2018,MI,4,45-54,0.2811307254861299,94,90.18838390025559,0.0
2018,MI,5,55-64,0.22746452761489958,93,90.88985251195882,0.0
2018,MI,6,65+,0.3088828902563085,100,97.13462789440514,0.0
2018,MN,1,18-24,0.24068550131902144,50,46.07973335051998,0.5714285714285714
2018,MN,2,25-34,0.1183226296412907,92,85.49256027371207,0.0
2018,MN,3,35-44,0.2279311116087388,87,81.3060631470104,0.0
2018,MN,4,45-54,0.3541386327563005,87,82.5380561047891,0.0
2018,MN,5,55-64,0.30977265460113784,87,85.80783245149826,0.0
2018,MN,6,65+,0.40876866062313416,98,96.41420116678243,0.0
2018,MO,1,18-24,0.11450862989078721,57,53.873316835272895,1.0
2018,MO,2,25-34,0.12065004041128152,76,71.88944579250958,0.2
2018,MO,3,35-44,0.17037380830402152,87,82.22477949304654,0.0
2018,MO,4,45-54,0.19520958451627932,93,88.67559986501485,0.0
2018,MO,5,55-64,0.17527895051812323,86,83.48880260445115,0.0
2018,MO,6,65+,0.2756021961266073,102,100.45349295005165,0.0
2018,MS,1,18-24,0.041580586353422294,48,45.404139633481044,0.0
2018,MS,2,25-34,0.08805915983709298,95,90.28323994573252,0.0
2018,MS,3,35-44,0.12951628951342717,83,78.11723742878547,0.0
2018,MS,4,45-54,0.24232643744215396,94,91.64496388981287,0.0
2018,MS,5,55-64,0.2568131883757698,84,81.7108192969539,0.0
2018,MS,6,65+,0.31669330046316113,96,94.84298538482456,0.0
2018,MT,1,18-24,0.12040041833110438,37,33.39645856072881,0.0
2018,MT,2,25-34,0.10760915908909614,83,74.98582409850633,0.0
2018,MT,3,35-44,0.15748555503280115,85,81.7700826660478,0.0
2018,MT,4,45-54,0.2429209737767036,82,79.62998964132821,0.0
2018,MT,5,55-64,0.2570495435126065,101,98.45426675806122,0.0
2018,MT,6,65+,0.40974431408317386,113,110.4275634357946,0.0
2018,NC,1,18-24,0.10176147808388462,64,58.559957756283005,1.0
2018,NC,2,25-34,0.1231843762253625,80,73.07554615946606,0.7
2018,NC,3,35-44,0.19081269803287798,86,78.98780849734318,0.0
2018,NC,4,45-54,0.2544823969531163,90,86.62376909700114,0.0
2018,NC,5,55-64,0.3162509525379785,85,82.70108889656588,0.0
2018,NC,6,65+,0.2817068303359366,95,93.75643336179405,0.0
2018,ND,1,18-24,0.17217809258507605,60,57.39747940461007,1.0
2018,ND,2,25-34,0.16890047746717476,104,98.25816894530587,0.1
2018,ND,3,35-44,0.2132762147278309,77,73.31106897892445,0.0
2018,ND,4,45-54,0.2502066387253415,69,64.77630643519893,0.0
2018,ND,5,55-64,0.2903984958390973,88,86.92129493766933,0.0
2018,ND,6,65+,0.3238807741354586,102,98.97442100276884,0.0
2018,NE,1,18-24,0.057444023625509766,50,43.5656099149969,0.7142857142857143
2018,NE,2,25-34,0.15181095155373076,88,83.54459888777369,0.0
2018,NE,3,35-44,0.2725684779854455,84,78.18661285995017,0.0
2018,NE,4,45-54,0.20568152753345822,80,75.65187148457679,0.0
2018,NE,5,55-64,0.3610137679889128,95,92.72784718988012,0.0
2018,NE,6,65+,0.36241853595328816,105,103.72137221361811,0.0
2018,NH,1,18-24,0.2159714386874717,55,52.35965512018121,1.0
2018,NH,2,25-34,0.10948514274457134,65,61.199964171029144,1.0
2018,NH,3,35-44,0.16476106600606122,64,58.85041878434467,0.9
2018,NH,4,45-54,0.24179957506958163,81,79.67996076449053,0.0
2018,NH,5,55-64,0.4074493891390193,109,105.18006998842874,0.0
2018,NH,6,65+,0.39115688941502186,127,124.98518924560177,0.0
2018,NJ,1,18-24,0.18316471430091968,56,48.905128800570786,0.7142857142857143
2018,NJ,2,25-34,0.16886655339309858,82,71.98589409140772,0.0
2018,NJ,3,35-44,0.28849005357130375,85,74.4452609613212,0.0
2018,NJ,4,45-54,0.34756260147268764,96,87.38526748301587,0.0
2018,NJ,5,55-64,0.29506429950972674,87,82.78071878412909,0.0
2018,NJ,6,65+,0.4148686348269171,97,95.82237470607576,0.0
2018,NM,1,18-24,0.23272654536134849,47,41.96686622908591,0.0
2018,NM,2,25-34,0.15331415258651518,63,54.39599683184691,0.0
2018,NM,3,35-44,0.12421310965144322,73,64.88767747419308,0.0
2018,NM,4,45-54,0.16043720546297943,78,68.64546132911389,0.0
2018,NM,5,55-64,0.3888770589063727,107,97.83466453081083,0.0
2018,NM,6,65+,0.38698114434094205,132,120.10568117635505,0.0
2018,NV,1,18-24,0.19659162773301547,58,52.43718663931851,0.0
2018,NV,2,25-34,0.10810286672373107,84,73.81828380384657,0.0
2018,NV,3,35-44,0.21077272194714683,86,77.36504921703218,0.0
2018,NV,4,45-54,0.31862286082693114,82,74.29203690967984,0.0
2018,NV,5,55-64,0.31328828071656983,93,87.09177590180431,0.0
2018,NV,6,65+,0.37468083512457034,98,92.6117037936805,0.0
2018,NY,1,18-24,0.10482174923492413,61,53.96249158374547,1.0
2018,NY,2,25-34,0.22311592687289855,92,82.2938794321894,1.0
2018,NY,3,35-44,0.17159430298200076,81,71.51658957076765,0.6
2018,NY,4,45-54,0.2633006989227416,90,82.63974361505517,0.0
2018,NY,5,55-64,0.3225979554716725,82,74.60143366687467,0.0
2018,NY,6,65+,0.36772557501721936,94,90.59004166117377,0.0
2018,OH,1,18-24,0.1898149700024964,61,58.98047630893055,0.7142857142857143
2018,OH,2,25-34,0.04463605808977181,81,74.7349211488464,0.0
2018,OH,3,35-44,0.1296033113250622,79,76.26441147263624,0.0
2018,OH,4,45-54,0.3101064354060643,90,85.2728558438138,0.0
2018,OH,5,55-64,0.27036435286084454,89,87.85335835778513,0.0
2018,OH,6,65+,0.24361572529644085,100,97.87793948286398,0.0
2018,OK,1,18-24,0.2560163595131009,61,54.06310077196235,0.7142857142857143
2018,OK,2,25-34,0.12588636058750224,91,79.5757784991707,0.0
2018,OK,3,35-44,0.12800824622776963,85,79.5795549602753,0.0
2018,OK,4,45-54,0.22001948844813654,80,76.10841348472894,0.0
2018,OK,5,55-64,0.266714290230681,85,82.23154044673224,0.0
2018,OK,6,65+,0.29185428912263245,98,96.11757658494176,0.0
2018,OR,1,18-24,0.09228849453573824,124,111.66022993408298,0.8571428571428571
2018,OR,2,25-34,0.1837638222757848,227,205.32176934403319,0.0
2018,OR,3,35-44,0.14081844845884933,212,195.2805453133294,0.0
2018,OR,4,45-54,0.21502292985107385,207,197.67891789833686,0.0
2018,OR,5,55-64,0.2501811399765985,226,219.02137722142484,0.0
2018,OR,6,65+,0.357007904140131,254,247.0227847522616,0.0
2018,PA,1,18-24,0.20227528215613608,49,45.02314363439725,0.0
2018,PA,2,25-34,0.1396014144778674,84,78.22525182938612,0.0
2018,PA,3,35-44,0.2154065050139859,82,75.96578481095342,0.0
2018,PA,4,45-54,0.2690489886840667,91,85.3736585599735,0.0
2018,PA,5,55-64,0.28703063184019567,94,90.83099584677062,0.0
2018,PA,6,65+,0.37066097112031293,108,106.24630007885416,0.0
2018,RI,1,18-24,0.08846187841820309,26,21.52243711702728,0.0
2018,RI,2,25-34,0.19302933287527285,80,70.10242331681172,0.0
2018,RI,3,35-44,0.15992769592796455,78,73.85473371841724,0.0
2018,RI,4,45-54,0.19791020073555174,93,88.64837199544863,0.0
2018,RI,5,55-64,0.3849087888858166,94,89.71169536411311,0.0
2018,RI,6,65+,0.3645964216404734,130,127.83883698432192,0.0
2018,SC,1,18-24,0.08884793430238042,51,46.056298675714196,1.0
2018,SC,2,25-34,0.08750613002663704,82,75.11259232107612,0.3
2018,SC,3,35-44,0.25219455573908056,89,84.84653390625223,0.0
2018,SC,4,45-54,0.19658256911193833,87,82.71049111133978,0.0
2018,SC,5,55-64,0.236634066754637,91,90.02975463222556,0.0
2018,SC,6,65+,0.3288111175697174,103,101.32802977961433,0.0
2018,SD,1,18-24,0.23271530382278227,44,42.501447304424616,0.0
2018,SD,2,25-34,0.14889804476842916,88,83.29862141724257,0.0
2018,SD,3,35-44,0.15002667964779495,89,85.5866416149928,0.0
2018,SD,4,45-54,0.20914235364631328,72,70.47097514990578,0.0
2018,SD,5,55-64,0.3138154054760091,98,96.53179177454084,0.0
2018,SD,6,65+,0.36500430380497256,110,107.76155383805936,0.0
2018,TN,1,18-24,0.17323745609744576,62,57.95615171335365,1.0
2018,TN,2,25-34,0.1607584783537296,81,74.62870863425906,0.1
2018,TN,3,35-44,0.1084249951799462,88,83.94514980748701,0.0
2018,TN,4,45-54,0.25925875354020383,87,84.60418864546364,0.0
2018,TN,5,55-64,0.2504699728469189,87,85.88693577267802,0.0
2018,TN,6,65+,0.30448233223051263,99,96.9345982906422,0.0
2018,TX,1,18-24,0.1666371279415861,64,56.72616405647934,1.0
2018,TX,2,25-34,0.10915458597049595,99,88.69381833833629,0.5
2018,TX,3,35-44,0.16558990301715948,92,82.65490719808388,0.0
2018,TX,4,45-54,0.19263644562384125,87,78.55014087300546,0.0
2018,TX,5,55-64,0.39099802916889587,76,67.99051166295516,0.0
2018,TX,6,65+,0.3189751221695485,82,75.23560550191108,0.0
2018,UT,1,18-24,0.18328897886479953,67,58.501248409482535,1.0
2018,UT,2,25-34,0.25841356732088056,101,87.01630695944299,0.4
2018,UT,3,35-44,0.14128882121144698,88,81.47447351632324,0.0
2018,UT,4,45-54,0.24417499546323668,79,71.74444024608472,0.0
2018,UT,5,55-64,0.3361196570627364,80,77.32925188472082,0.0
2018,UT,6,65+,0.3958076393192632,87,85.87169233890192,0.0
2018,VA,1,18-24,0.07358307394256897,59,50.688792920484055,0.5714285714285714
2018,VA,2,25-34,0.1222878414384995,91,84.05809144684555,0.0
2018,VA,3,35-44,0.11377868472696341,86,80.8818254631303,0.0
2018,VA,4,45-54,0.16588383355683012,98,94.2242520215547,0.0
2018,VA,5,55-64,0.25127775578207634,84,79.18509348238636,0.0
2018,VA,6,65+,0.35271576130212084,92,89.41470961303257,0.0
2018,VT,1,18-24,0.11296015123719191,40,38.721703767164,0.0
2018,VT,2,25-34,0.050524046302182476,72,66.53404008279271,0.0
2018,VT,3,35-44,0.1298600179202009,77,73.79135140756412,0.0
2018,VT,4,45-54,0.1391312655682985,82,79.15165083608312,0.0
2018,VT,5,55-64,0.30259620465449244,111,109.502169389076,0.0
2018,VT,6,65+,0.33087440804198404,118,116.54683887904793,0.0
2018,WA,1,18-24,0.0794222088411011,122,106.25198829578886,0.0
2018,WA,2,25-34,0.14542357195633612,243,217.42958365866764,0.0
2018,WA,3,35-44,0.1923987551947142,226,207.8532212381601,0.0
2018,WA,4,45-54,0.2872441841259474,219,206.74841109205994,0.0
2018,WA,5,55-64,0.2601623955488269,212,201.97306684880002,0.0
2018,WA,6,65+,0.31062916349385755,228,218.53106387308998,0.0
2018,WI,1,18-24,0.2242472670168883,58,53.19041380914345,0.0
2018,WI,2,25-34,0.1351001374715802,87,79.82816595877152,0.0
2018,WI,3,35-44,0.18766714638473866,81,75.23819697758147,0.0
2018,WI,4,45-54,0.20810091506210016,93,89.15660521489579,0.0
2018,WI,5,55-64,0.33318939706282874,89,86.0130599553248,0.0
2018,WI,6,65+,0.34629406943492763,98,97.03106713979106,0.0
2018,WV,1,18-24,0.11442706528752003,41,39.65599947389943,0.0
2018,WV,2,25-34,0.08094381170955336,81,76.94274676850347,0.0
2018,WV,3,35-44,0.1150535302963125,73,70.75503172666896,0.0
2018,WV,4,45-54,0.21674757091818148,90,88.52235538996425,0.0
2018,WV,5,55-64,0.20815309373770377,96,94.85272279979881,0.0
2018,WV,6,65+,0.29282923133120004,119,117.23367591293965,0.0
2018,WY,1,18-24,0.1222685638513072,39,34.72776572902652,1.0
2018,WY,2,25-34,0.11260883386121245,97,88.66552942273427,1.0
2018,WY,3,35-44,0.21061241049236573,93,86.58500031496949,0.0
2018,WY,4,45-54,0.22379618936819418,73,68.62528737207253,0.0
2018,WY,5,55-64,0.2540970087149939,98,93.5085093027462,0.0
2018,WY,6,65+,0.39530394101632016,101,98.12854706858027,0.0
2021,AK,1,18-24,0.15565152196241747,49,44.69748179137483,0.0
2021,AK,2,25-34,0.18224866425816474,100,90.47153213750123,0.0
2021,AK,3,35-44,0.1418696056859511,99,89.69263112070712,0.0
2021,AK,4,45-54,0.2094624257808126,85,80.95861520419113,0.0
2021,AK,5,55-64,0.26562738095461513,91,85.64109852249928,0.0
2021,AK,6,65+,0.44933779436624244,76,73.44745358590089,0.0
2021,AL,1,18-24,0.04496507179642453,63,58.99022801946288,0.7142857142857143
2021,AL,2,25-34,0.15285385967852602,84,81.47458696034141,0.0
2021,AL,3,35-44,0.10067452506925613,82,77.5395964776634,0.0
2021,AL,4,45-54,0.2228303091395464,88,86.55193841618356,0.0
2021,AL,5,55-64,0.3077650348835992,84,80.84676059867083,0.0
2021,AL,6,65+,0.3167123589603713,99,98.0426436634713,0.0
2021,AR,1,18-24,0.047743417455512534,52,45.34292128185924,1.0
2021,AR,2,25-34,0.08394883048586521,90,83.52952547677944,1.0
2021,AR,3,35-44,0.21808779208019535,84,79.0266329447067,0.0
2021,AR,4,45-54,0.15521510866540916,86,84.24039518009928,0.0
2021,AR,5,55-64,0.21001334744217792,85,84.00281898589182,0.0
2021,AR,6,65+,0.2265787914722787,103,101.77154883106964,0.0
2021,AZ,1,18-24,0.1601732823983305,64,52.83954525376475,1.0
2021,AZ,2,25-34,0.18533036439992595,90,73.81249023786884,1.0
2021,AZ,3,35-44,0.15473732909570678,82,68.0312265112004,0.0
2021,AZ,4,45-54,0.24405053129898335,77,64.76741136794276,0.0
2021,AZ,5,55-64,0.4500949202877586,78,69.11006225269544,0.0
2021,AZ,6,65+,0.32899562643977515,109,102.15498536919551,0.0
2021,CA,1,18-24,0.12495413527259633,164,138.6266431059984,0.0
2021,CA,2,25-34,0.14248480876641487,244,202.2062236181713,0.0
2021,CA,3,35-44,0.17099248229388528,211,178.5793708095917,0.0
2021,CA,4,45-54,0.21473582363163998,154,134.89582443951966,0.0
2021,CA,5,55-64,0.2774259109447634,212,183.5708915625416,0.0
2021,CA,6,65+,0.34763870363279836,267,238.80136078354778,0.0
2021,CO,1,18-24,0.10836248326787015,58,48.06128893294164,1.0
2021,CO,2,25-34,0.1298901086700213,97,79.09076361512628,0.6
2021,CO,3,35-44,0.14601631411523106,90,79.07174051395916,0.0
2021,CO,4,45-54,0.20853863099583994,90,76.27589427968041,0.0
2021,CO,5,55-64,0.19593964093283017,82,75.72073322165267,0.0
2021,CO,6,65+,0.3860948291800389,86,82.36253789455574,0.0
2021,CT,1,18-24,0.1859328806427365,54,46.08285721538301,0.0
2021,CT,2,25-34,0.10173254297626967,80,66.94299550102015,0.0
2021,CT,3,35-44,0.20127609980826608,84,71.79934393864906,0.0
2021,CT,4,45-54,0.2445373180800465,93,81.84127273078329,0.0
2021,CT,5,55-64,0.3988727706951048,90,81.32877952484641,0.0
2021,CT,6,65+,0.41356726828764795,99,95.64292214290748,0.0
2021,DC,1,18-24,0.14388285630509481,73,69.91293413432919,0.0
2021,DC,2,25-34,0.21770872781991144,124,109.64142110192194,0.0
2021,DC,3,35-44,0.20129493286491565,82,74.79876469154276,0.0
2021,DC,4,45-54,0.2735747738766514,81,77.83810813970871,0.0
2021,DC,5,55-64,0.2968293620487225,70,64.39921350530848,0.0
2021,DC,6,65+,0.44711379751548913,81,78.62017748372021,0.0
2021,DE,1,18-24,0.15967144040806072,41,37.13644874275195,0.0
2021,DE,2,25-34,0.07509161424207292,72,61.93000805115303,0.0
2021,DE,3,35-44,0.1578471731057126,76,70.25722522717129,0.0
2021,DE,4,45-54,0.22921481488110146,98,86.76231735256363,0.0
2021,DE,5,55-64,0.2747348858603928,105,99.85637250986862,0.0
2021,DE,6,65+,0.28169555126179674,127,118.22022586749839,0.0
2021,FL,1,18-24,0.09433991082967876,56,50.37813293473218,0.5714285714285714
2021,FL,2,25-34,0.05529734779518216,80,67.59028737782596,0.0
2021,FL,3,35-44,0.17082965194485214,77,66.76537487813982,0.0
2021,FL,4,45-54,0.18533645695199802,86,73.86330164539702,0.0
2021,FL,5,55-64,0.28769891269305137,82,70.7448870806401,0.0
2021,FL,6,65+,0.3307209855652424,120,106.01154153870739,0.0
2021,GA,1,18-24,0.12835919820233105,67,60.56842204609719,1.0
2021,GA,2,25-34,0.18519412935084076,91,85.19955906940207,0.8
2021,GA,3,35-44,0.16815568933023986,91,80.85220933366541,0.0
2021,GA,4,45-54,0.25136789615883987,91,82.1435341401985,0.0
2021,GA,5,55-64,0.2771261300379548,78,72.5766470779302,0.0
2021,GA,6,65+,0.24969602172479133,82,78.65207956551697,0.0
2021,HI,1,18-24,0.0747463437059307,40,36.94979402112074,0.0
2021,HI,2,25-34,0.10961452773147073,77,65.56610755107198,0.0
2021,HI,3,35-44,0.1541347481702205,89,77.93583128285054,0.0
2021,HI,4,45-54,0.22238566908752827,94,85.45088714200614,0.0
2021,HI,5,55-64,0.3565775914971465,101,93.60043888478329,0.0
2021,HI,6,65+,0.4333660415904965,133,125.07133413984582,0.0
2021,IA,1,18-24,0.16336105814512555,60,54.1700204828149,1.0
2021,IA,2,25-34,0.08215157843156429,84,78.68244330748568,0.4
2021,IA,3,35-44,0.16514926928251158,77,72.8728883064529,0.0
2021,IA,4,45-54,0.32000601680836527,87,83.36712927910467,0.0
2021,IA,5,55-64,0.30622618225984677,86,85.21308654911999,0.0
2021,IA,6,65+,0.29672890882144104,106,103.00139341305571,0.0
2021,ID,1,18-24,0.2033531902089397,57,49.49436738397224,1.0
2021,ID,2,25-34,0.0917656625107542,87,73.88936009106902,0.8
2021,ID,3,35-44,0.18576513626220245,91,78.23678190172954,0.0
2021,ID,4,45-54,0.15793247978267838,86,82.10797415312953,0.0
2021,ID,5,55-64,0.2975410309718687,90,79.7290119988776,0.0
2021,ID,6,65+,0.2821012887101391,103,97.1348386655041,0.0
2021,IL,1,18-24,0.158525726734357,63,51.881863617611316,1.0
2021,IL,2,25-34,0.15069433096909682,90,79.94299010091699,1.0
2021,IL,3,35-44,0.12498311815148729,85,73.86403107630203,1.0
2021,IL,4,45-54,0.21242047257410973,88,74.68893094872718,1.0
2021,IL,5,55-64,0.308892506399714,82,77.44449094974566,1.0
2021,IL,6,65+,0.40996791537874133,92,88.50614647010276,0.45454545454545453
2021,IN,1,18-24,0.15005749653766615,67,60.226882034588165,1.0
2021,IN,2,25-34,0.15207243230361858,84,79.69374193415499,0.2
2021,IN,3,35-44,0.1177704642997101,82,77.4296048411107,0.0
2021,IN,4,45-54,0.25040935126544533,89,83.3308071162135,0.0
2021,IN,5,55-64,0.2506667576531496,84,81.35480445693743,0.0
2021,IN,6,65+,0.4117970657962368,94,90.56640003013652,0.0
2021,KS,1,18-24,0.1367525332209146,59,51.87614393148677,1.0
2021,KS,2,25-34,0.12342783869206261,96,82.46891383944589,0.3
2021,KS,3,35-44,0.16332353759434098,86,76.74165869973477,0.0
2021,KS,4,45-54,0.18888250434034906,84,72.85106696850315,0.0
2021,KS,5,55-64,0.26914215713462797,75,65.67672804665192,0.0
2021,KS,6,65+,0.30238531001113594,100,96.48987828805868,0.0
2021,KY,1,18-24,0.19681441055723176,63,60.82610848240052,0.0
2021,KY,2,25-34,0.07533984207273894,84,82.27555453266292,0.0
2021,KY,3,35-44,0.09711718437201378,82,76.95989169391203,0.0
2021,KY,4,45-54,0.2610968980951206,91,90.05060356529445,0.0
2021,KY,5,55-64,0.2430831692042828,86,85.13784593329703,0.0
2021,KY,6,65+,0.23230202436136482,96,95.06229943567632,0.0
2021,LA,1,18-24,0.0959704897981833,65,60.045349332032465,1.0
2021,LA,2,25-34,0.13514090601903603,96,90.70503388975918,1.0
2021,LA,3,35-44,0.09420688457639079,82,77.50582212740473,0.0
2021,LA,4,45-54,0.17071982651484235,88,86.23179923369588,0.0
2021,LA,5,55-64,0.24646468378761838,86,79.94210957135823,0.0
2021,LA,6,65+,0.31801163865080884,83,81.62734664472795,0.0
2021,MA,1,18-24,0.1655347201488545,63,54.67995597163367,0.0
2021,MA,2,25-34,0.10005728491504015,86,74.97275383045489,0.0
2021,MA,3,35-44,0.2330397980248512,78,72.80266539301311,0.0
2021,MA,4,45-54,0.3012319192678958,93,79.70489014215619,0.0
2021,MA,5,55-64,0.3003533774124734,83,82.06858545102952,0.0
2021,MA,6,65+,0.3455181245631518,97,95.61793408179109,0.0
2021,MD,1,18-24,0.06322988747899522,57,53.3722630912305,0.0
2021,MD,2,25-34,0.13712331377005543,89,80.74038551731344,0.0
2021,MD,3,35-44,0.14192095186988818,83,74.2390412257416,0.0
2021,MD,4,45-54,0.23089067125761484,96,87.29918876230565,0.0
2021,MD,5,55-64,0.2910980473404228,83,79.17887339641312,0.0
2021,MD,6,65+,0.33474835215994825,92,87.69650220288513,0.0
2021,ME,1,18-24,0.05487506739535292,35,34.634890918294815,0.7142857142857143
2021,ME,2,25-34,0.09185594123682905,64,58.149580017164354,0.0
2021,ME,3,35-44,0.1508903901225877,76,74.9293547203922,0.0
2021,ME,4,45-54,0.2254300325547617,101,99.68393233612167,0.0
2021,ME,5,55-64,0.32244855086907503,99,95.89342869033344,0.0
2021,ME,6,65+,0.26849397955935345,125,123.54782312138457,0.0
2021,MI,1,18-24,0.18177727585484013,65,58.20831717985525,1.0
2021,MI,2,25-34,0.1299790624287957,79,74.32212711243429,1.0
2021,MI,3,35-44,0.1894976743396703,77,70.8381939468371,0.7
2021,MI,4,45-54,0.17623985025040545,89,85.54594093636119,0.0
2021,MI,5,55-64,0.24870045003545896,89,88.2775943888484,0.0
2021,MI,6,65+,0.24667517390368393,101,96.51293487740894,0.0
2021,MN,1,18-24,0.10759370862026696,60,53.0861067307165,1.0
2021,MN,2,25-34,0.1352969332074677,89,80.95180594102104,0.0
2021,MN,3,35-44,0.1683081101128997,82,76.83698967293263,0.0
2021,MN,4,45-54,0.2205838741955066,90,87.81248343877714,0.0
2021,MN,5,55-64,0.40961290271670997,85,84.1629758942565,0.0
2021,MN,6,65+,0.4494592933766475,94,92.78898989874946,0.0
2021,MO,1,18-24,0.1670308012733561,63,59.16067170049147,1.0
2021,MO,2,25-34,0.13823002863372846,86,80.56640325106594,0.5
2021,MO,3,35-44,0.26347521251928874,78,74.39861805893564,0.0
2021,MO,4,45-54,0.1381827182557243,88,83.88525698870487,0.0
2021,MO,5,55-64,0.2712480569627743,86,85.16498767082552,0.0
2021,MO,6,65+,0.3656237377262148,100,98.44407327387717,0.0
2021,MS,1,18-24,0.1699197509967028,72,67.55700559294047,0.0
2021,MS,2,25-34,0.1358132352800219,92,89.65986869788675,0.0
2021,MS,3,35-44,0.11041181522985907,81,76.41920204377422,0.0
2021,MS,4,45-54,0.1454718417871207,78,74.77341193457602,0.0
2021,MS,5,55-64,0.2341839983782613,82,75.18297038959184,0.0
2021,MS,6,65+,0.27599384075367916,96,94.82961398173659,0.0
2021,MT,1,18-24,0.1664778643284039,37,36.424029933523215,0.0
2021,MT,2,25-34,0.16580043956640006,76,71.63152381122761,0.0
2021,MT,3,35-44,0.16677362554393196,91,88.976419673533,0.0
2021,MT,4,45-54,0.23526229479352134,75,72.25315360204574,0.0
2021,MT,5,55-64,0.20788464723652975,99,96.79149247967455,0.0
2021,MT,6,65+,0.33229495338698806,122,119.28853399360192,0.0
2021,NC,1,18-24,0.20437462189552902,62,53.63436901306681,1.0
2021,NC,2,25-34,0.1879421700057572,85,74.9899945904665,1.0
2021,NC,3,35-44,0.12051098143919929,86,81.99611141483368,0.0
2021,NC,4,45-54,0.3326738035736603,90,84.14798558080565,0.0
2021,NC,5,55-64,0.2728579461794807,82,79.75481624398813,0.0
2021,NC,6,65+,0.3450534472976255,95,93.74692437325776,0.0
2021,ND,1,18-24,0.1182086239657623,40,36.64323934832932,1.0
2021,ND,2,25-34,0.09538194228034214,93,84.44430350011514,0.4
2021,ND,3,35-44,0.22540816331859945,92,87.25828090549672,0.0
2021,ND,4,45-54,0.27800116474626,78,75.04868897554317,0.0
2021,ND,5,55-64,0.2200479163620849,92,89.80890446236664,0.0
2021,ND,6,65+,0.3204129461332992,105,103.95629346912494,0.0
2021,NE,1,18-24,0.1378713116424545,48,43.9456100924145,1.0
2021,NE,2,25-34,0.1296084339331515,84,79.44217384535663,0.1
2021,NE,3,35-44,0.15490104232638857,85,79.5621734749091,0.0
2021,NE,4,45-54,0.3755771545133637,85,83.49288344475181,0.0
2021,NE,5,55-64,0.20801828496073563,84,83.07371805225328,0.0
2021,NE,6,65+,0.38137244296694195,114,112.77489511574667,0.0
2021,NH,1,18-24,0.06730961984940835,31,30.457122645186487,1.0
2021,NH,2,25-34,0.13881194436523756,76,69.26462223785553,1.0
2021,NH,3,35-44,0.19021182961638144,81,77.8471295201815,1.0
2021,NH,4,45-54,0.27926307396935884,100,93.84492895390372,0.2
2021,NH,5,55-64,0.27137908311907444,103,100.83277060359633,0.0
2021,NH,6,65+,0.340584982944956,109,103.19529455787524,0.0
2021,NJ,1,18-24,0.2240455782580442,58,48.598137931197655,1.0
2021,NJ,2,25-34,0.20550908106881652,84,68.04316010705286,0.1
2021,NJ,3,35-44,0.17017080476438134,88,74.9376263861953,0.0
2021,NJ,4,45-54,0.1701862407409046,83,70.53607913409002,0.0
2021,NJ,5,55-64,0.3203290478009415,87,78.13846850018082,0.0
2021,NJ,6,65+,0.4213881746537681,100,94.14228985140817,0.0
2021,NM,1,18-24,0.09889786602200006,49,44.623436640330794,0.0
2021,NM,2,25-34,0.08952868504370518,90,79.25018289949818,0.0
2021,NM,3,35-44,0.19762806420326556,82,69.68880624341146,0.0
2021,NM,4,45-54,0.13235097289659964,77,66.61302880876472,0.0
2021,NM,5,55-64,0.2705177237165176,90,75.03995632776558,0.0
2021,NM,6,65+,0.3747436154289432,113,96.04964535920199,0.0
2021,NV,1,18-24,0.12932057421990595,55,46.83810889568354,0.0
2021,NV,2,25-34,0.1442841621172095,84,71.26240228956893,0.0
2021,NV,3,35-44,0.17649009849592415,94,77.78241095720658,0.0
2021,NV,4,45-54,0.2692865700966165,79,67.2892704266296,0.0
2021,NV,5,55-64,0.19471276471748092,88,79.93727217927955,0.0
2021,NV,6,65+,0.43172228974867244,101,91.8099594995294,0.0
2021,NY,1,18-24,0.2031916379851221,64,56.535809088996544,1.0
2021,NY,2,25-34,0.20394670775057813,93,79.46539261230137,1.0
2021,NY,3,35-44,0.1589403839178256,81,69.28345273693769,0.9
2021,NY,4,45-54,0.21488998159275632,90,77.86218824160323,0.0
2021,NY,5,55-64,0.3378448023184654,81,74.3748914769653,0.0
2021,NY,6,65+,0.34193497776246423,92,79.89993188099814,0.0
2021,OH,1,18-24,0.040160435849178305,61,56.07130454982024,1.0
2021,OH,2,25-34,0.16238065409398236,82,76.8779933212716,0.1
2021,OH,3,35-44,0.1376697533538209,79,74.69496820065733,0.0
2021,OH,4,45-54,0.20364711468122662,90,84.47930579201713,0.0
2021,OH,5,55-64,0.15708958323047859,88,86.20896172579035,0.0
2021,OH,6,65+,0.2616196097094918,100,96.84480606406541,0.0
2021,OK,1,18-24,0.08989757694444965,66,58.08975434001065,1.0
2021,OK,2,25-34,0.10278557750601458,91,79.0729780640374,0.1
2021,OK,3,35-44,0.14449075913364276,81,72.39336670975023,0.0
2021,OK,4,45-54,0.21457477298831568,84,75.9554671900262,0.0
2021,OK,5,55-64,0.23003096167273143,81,75.67439244717018,0.0
2021,OK,6,65+,0.29462183858479407,97,95.81741422729412,0.0
2021,OR,1,18-24,0.0986425849462763,119,99.68340389251398,1.0
2021,OR,2,25-34,0.0959026640214336,217,182.0292856291741,0.2
2021,OR,3,35-44,0.18001305512371035,221,191.37111931503944,0.0
2021,OR,4,45-54,0.23359547851659457,215,194.91339919987792,0.0
2021,OR,5,55-64,0.32072756894749366,225,213.63545192445494,0.0
2021,OR,6,65+,0.3362303078903917,264,247.8401720838436,0.0
2021,PA,1,18-24,0.12717584775482507,61,54.177365567994556,0.0
2021,PA,2,25-34,0.23295279426251483,81,75.17815309264194,0.0
2021,PA,3,35-44,0.1263902586229756,76,66.04729216536732,0.0
2021,PA,4,45-54,0.13229780426141832,90,83.94638055636989,0.0
2021,PA,5,55-64,0.29746138275370687,87,86.13235290316096,0.0
2021,PA,6,65+,0.36220677769868553,108,104.43509428361033,0.0
2021,RI,1,18-24,0.17224557130004484,27,22.54241886253356,0.0
2021,RI,2,25-34,0.14182079688636653,82,67.428258661541,0.0
2021,RI,3,35-44,0.11738434514839251,79,71.4855707995957,0.0
2021,RI,4,45-54,0.21077292391876373,83,81.63295711762086,0.0
2021,RI,5,55-64,0.2632655877421579,105,101.95987160278449,0.0
2021,RI,6,65+,0.3461537081015888,124,119.0299980663507,0.0
2021,SC,1,18-24,0.12526560387097416,51,45.92333763779846,1.0
2021,SC,2,25-34,0.15577301477842953,81,76.3380056491162,0.6
2021,SC,3,35-44,0.19992061015690493,81,78.2003145214547,0.0
2021,SC,4,45-54,0.1352481867147161,73,70.83614132095117,0.0
2021,SC,5,55-64,0.24259825027190407,97,95.73497812017507,0.0
2021,SC,6,65+,0.31140748510473737,117,115.38511877073687,0.0
2021,SD,1,18-24,0.1225298259603997,45,39.78401352979818,0.0
2021,SD,2,25-34,0.19903939393477738,72,64.1271822690668,0.0
2021,SD,3,35-44,0.19843724998814571,86,82.20194142003406,0.0
2021,SD,4,45-54,0.251682484376908,88,86.60855282234647,0.0
2021,SD,5,55-64,0.2709838932523194,95,93.89314891076934,0.0
2021,SD,6,65+,0.35864019192373303,114,110.74141742493582,0.0
2021,TN,1,18-24,0.07330287651634035,63,57.5266082842111,1.0
2021,TN,2,25-34,0.19720222029797888,86,80.1607059317308,0.4
2021,TN,3,35-44,0.16153697417750326,83,81.94680088549335,0.0
2021,TN,4,45-54,0.1946265635200482,87,79.06430080088901,0.0
2021,TN,5,55-64,0.21312566132888502,84,80.98757670836402,0.0
2021,TN,6,65+,0.32501277218324576,98,91.88521346709798,0.0
2021,TX,1,18-24,0.2344346664286568,72,61.900079235368274,1.0
2021,TX,2,25-34,0.16689593376956208,101,84.96296459677961,0.8
2021,TX,3,35-44,0.26628433360731063,94,80.15531663227274,0.0
2021,TX,4,45-54,0.21137341176460483,89,73.88963473726163,0.0
2021,TX,5,55-64,0.21067011933245774,81,68.8680788518345,0.0
2021,TX,6,65+,0.2617242895288516,63,54.81594370116946,0.0
2021,UT,1,18-24,0.07691056395836933,66,57.307745454765424,1.0
2021,UT,2,25-34,0.12017543178935619,110,96.69845435965199,0.7
2021,UT,3,35-44,0.20780986643058477,95,79.56198110200845,0.0
2021,UT,4,45-54,0.2564129329984412,81,73.03213219458594,0.0
2021,UT,5,55-64,0.24501899534781235,72,68.5211787114537,0.0
2021,UT,6,65+,0.32569599404015204,76,73.97348076558636,0.0
2021,VA,1,18-24,0.20387851401466955,64,58.06124764831779,1.0
2021,VA,2,25-34,0.2321373733966619,90,78.23066485218574,0.0
2021,VA,3,35-44,0.19939170014386493,85,80.03415470944066,0.0
2021,VA,4,45-54,0.3251139494962006,86,78.36123542750202,0.0
2021,VA,5,55-64,0.2601077448651175,82,79.9233889678844,0.0
2021,VA,6,65+,0.36496129528362425,93,91.44169091690355,0.0
2021,VT,1,18-24,0.10668072539387995,28,25.933554180231855,0.0
2021,VT,2,25-34,0.14137373269216774,73,71.66537725453145,0.0
2021,VT,3,35-44,0.1342140992831869,92,90.5901701896864,0.0
2021,VT,4,45-54,0.21688899032704656,83,78.94408242342206,0.0
2021,VT,5,55-64,0.24807285809475962,110,108.653943277507,0.0
2021,VT,6,65+,0.24698853202933277,121,119.43030397327178,0.0
2021,WA,1,18-24,0.21789712974043882,55,48.46837755156026,0.0
2021,WA,2,25-34,0.20097587964626795,95,86.13128492486264,0.0
2021,WA,3,35-44,0.1980183137662689,85,77.16337440277478,0.0
2021,WA,4,45-54,0.30929268213765226,88,79.96043020226402,0.0
2021,WA,5,55-64,0.3261216184462224,86,81.95148542409544,0.0
2021,WA,6,65+,0.38608574262888523,93,91.19314114458822,0.0
2021,WI,1,18-24,0.19457039161552567,63,53.09355921331286,0.0
2021,WI,2,25-34,0.14364871959197267,84,74.93587727352613,0.0
2021,WI,3,35-44,0.18900647229537626,77,70.97489128549059,0.0
2021,WI,4,45-54,0.29001355665696094,93,85.27375194327027,0.0
2021,WI,5,55-64,0.19581585484035466,88,87.27996291717062,0.0
2021,WI,6,65+,0.28322640962296075,98,96.98219542290092,0.0
2021,WV,1,18-24,0.1046736445833822,58,54.27460666763821,0.2857142857142857
2021,WV,2,25-34,0.18890981549043656,75,69.13880035919604,0.0
2021,WV,3,35-44,0.1215637718365797,78,77.07756219489292,0.0
2021,WV,4,45-54,0.2248779557720894,85,83.84135130386203,0.0
2021,WV,5,55-64,0.1713032639471948,92,90.50255480079296,0.0
2021,WV,6,65+,0.21239115426895597,112,108.56175730700588,0.0
2021,WY,1,18-24,0.05184112679159752,36,31.380300241989836,1.0
2021,WY,2,25-34,0.1667623084072459,76,72.17782300746816,1.0
2021,WY,3,35-44,0.17189610951517062,105,96.74890054789893,0.3
2021,WY,4,45-54,0.23165676101326185,74,70.82859737972696,0.0
2021,WY,5,55-64,0.25996048530820953,98,96.91044525691342,0.0
2021,WY,6,65+,0.4453647623190767,111,105.7292405902571,0.0
